headline,summary,datetime,source,url,ticker
"Dust to data centers: The year AI tech giants, and billions in debt, began remaking the American landscape","Big Tech is remaking the U.S. map into an AI empire — kingdom-scale data centers, unprecedented debt, power constraints, and a near-religious belief in scaling.",2025-12-31 22:13:37,CNBC,https://finnhub.io/api/news?id=cb398d7ed86072312ff5b6db2e6697e5da5c3afb411640b133c571b63b30c614,GOOGL
Tesla: Challenging 2026 Ahead,"Tesla, Inc. rated Strong Sell: weakening demand, rising competition, and autonomy delays. Click for this updated look at TSLA stock prospects.",2025-12-31 17:27:07,SeekingAlpha,https://finnhub.io/api/news?id=6fca9458cab80a84625f9a3290559aeabaf3a85716e4e3d81b29658cb3172efc,GOOGL
"Alphabet Inc. (GOOGL) Acquires Intersection of $4.75 Billion, Here’s What You Need to Know","Alphabet Inc. (NASDAQ:GOOGL) is among the Best Performing Quantum Computing Stocks in 2025. On December 22, announced the acquisition of Intersect for $4.75 billion in cash. Intersect provides data center and energy infrastructure solutions. Alphabet Inc. (NASDAQ:GOOGL) already owns a minority stake in the company due to a previous funding round. Management noted that this […]",2025-12-31 16:42:05,Yahoo,https://finnhub.io/api/news?id=846c1a0b9802dc50ffe7a2068d22e2089d4dbdd21accf6eae9df3444186853f9,GOOGL
PTRN: Jefferies Warns of Margin Pressure and AI Disruption for Internet Equities in 2026,"Pattern Group Inc. (NASDAQ:PTRN) is one of the best low priced technology stocks to buy according to analysts. On December 11, Jefferies lowered the firm’s price target on Pattern Group to $20 from $21 with a Buy rating on the shares. The firm’s 2026 outlook suggests being highly selective with Internet equities. Jefferies cites two […]",2025-12-31 16:33:41,Yahoo,https://finnhub.io/api/news?id=37dc1b2df7fbf2cbe081d401572b1ac74d5e0c8d5b971712cce470473ebc0999,GOOGL
"Atlassian: Strong Fundamentals, Temporary Market Skepticism",Atlassian Corporation's Q1 2026 shows robust growth as RPO hits $3.3B and AI products expand productivity. Click for more on TEAM stock and its prospects.,2025-12-31 16:15:24,SeekingAlpha,https://finnhub.io/api/news?id=272cbd2d3ce3b1b09e091c47330158805953f242b409a0ab3770c2f8121062cb,GOOGL
BNP Paribas Exane Reaffirms Rating on Alphabet (GOOGL) Amid Intersect Power Acquisition,"Alphabet Inc. (NASDAQ:GOOGL) is one of the best stocks for the next decade. On December 22, BNP Paribas Exane reaffirmed its Outperform rating and $355 price target for Alphabet. This sentiment followed the company’s announcement, on the same day, that it entered into a definitive agreement to acquire Intersect Power, which is a specialist provider […]",2025-12-31 16:12:52,Yahoo,https://finnhub.io/api/news?id=9c5bd85d85f19b487ab3cbd6a17a92522e9c844b75698988feaca0d1a02bb6e0,GOOGL
"Google wraps up best year on Wall Street since 2009, beating megacap peers as AI story strengthens",Shares of Alphabet rallied in 2025 as the company responded to skepticism of its position in artificial intelligence with new products that excited investors. ,2025-12-31 16:06:31,CNBC,https://finnhub.io/api/news?id=1c41be2584f58f488f36a5bf54e8dc205f9b52af7d9a1f157e804a1b1dff6c97,GOOGL
An 80% Wipeout Hasn’t Stopped Korean Retail From Chasing Tom Lee’s BitMine,Korean retail investors keep buying Tom Lee–backed BitMine despite 80% stock collapse in 2025. What are they thinking?,2025-12-31 16:00:00,Yahoo,https://finnhub.io/api/news?id=6d1f331ab33a78e32952eca98a7737b0eeb289633ec9a5e2603d3e536ddcb151,GOOGL
Meta Pushes OpenAI to Raise Pay With $6 Billion Stock Compensation Plan,Record $1.5 million average equity payout aims to prevent defections to Meta.,2025-12-31 15:53:42,Yahoo,https://finnhub.io/api/news?id=8246bca8d79b94b2c2d99e7e4d80d41e3c34d50af2459e07a017a6da77860a59,GOOGL
World's 500 Richest Reach $11.9 Trillion After Record $2.2 Trillion Gain,"Global billionaire wealth hit $11.9 trillion as gains in equities, AI-linked stocks, metals and crypto drove a historic year.",2025-12-31 15:51:55,Yahoo,https://finnhub.io/api/news?id=bf1ee40270a0ea57b606a3d80ee9f2300ea548836284b766ebb704c4eecfad7a,GOOGL
Google's 2026 Test: Slowing EPS Will Put Cloud Growth In The Spotlight,Wall Street analysts expect Google's EPS growth to slow in 2026 amid huge AI investments. Cloud growth will be key.,2025-12-31 15:12:12,Yahoo,https://finnhub.io/api/news?id=22b51ae6ef1591cbe6f865a1ded8e38a3e79970f0aa52c7de1ad9554590cb3f9,GOOGL
Every fusion startup that has raised over $100M,"Fusion startups have raised $7.1 billion to date, with the majority of it going to a handful of companies.",2025-06-19 15:39:01,Yahoo,https://finnhub.io/api/news?id=12ce44eabe8324c8a732d9ca4a90b13e690c43194f54c280c819ca31226726d6,GOOGL
Nvidia Stock Has Barely Budged Since the End of July. What Gets It Going Again.,Nvidia shares are drifting but reports of strong demand for its artificial-intelligence processors in China could point the way to future gains.,2025-12-31 14:51:00,Yahoo,https://finnhub.io/api/news?id=c6fd46f92e3b2b5c92e42cdba474535a0f90f67f3059f42b6629edbcc7fb14a2,GOOGL
Warren Buffett Added a Big Chunk of This Tech Stock. Should You Add It Too?,"A true living legend, Warren Buffett is known as the CEO of Berkshire Hathaway (NYSE:BRK-B) and a brilliant stock picker. He focuses on value and, other than Apple (NASDAQ:AAPL) stock and Amazon (NASDAQ:AMZN), Buffett doesn’t often buy many mega-cap technology stocks. Hence, it’s of great interest that Buffett’s company recently sold some stock shares, and even trimmed ... Warren Buffett Added a Big Chunk of This Tech Stock. Should You Add It Too?",2025-12-31 14:49:34,Yahoo,https://finnhub.io/api/news?id=92c535738aec5f379f68eb7034fa0b29034198fc5d71b8b782fdafc51ae27748,GOOGL
"AMD: AI Roadmap Can Win Share, But Not At Any Price","AMD stock analysis: Q4 bear market, key $195 support, AI-driven growth outlook to FY2028, Nvidia/hyperscaler risks, and buy levelâread now.",2025-12-31 14:17:38,SeekingAlpha,https://finnhub.io/api/news?id=a285210b84c79ea3ccc82038aa422657b7e4422483f12bd9a4aa2bf809b5b550,GOOGL
New report shows OpenAI offers historic pay packages amid AI talent war,"Investing.com -- Despite rising competition in the artificial intelligence sector, OpenAI is offering compensation packages unmatched by any tech startup in recent history, according to the Wall Street Journal.",2025-12-31 14:10:19,Yahoo,https://finnhub.io/api/news?id=d012f72099d0593492b7ffa2fb9022dad1eb50580b6f20142496c1c027a4965b,GOOGL
Inside OpenAI's $1.5 million compensation packages,"A Wall Street Journal scoop reveals average stock-based comp of $1.5 million per employee, a staggering figure even in world-historical terms",2025-12-31 13:48:34,Yahoo,https://finnhub.io/api/news?id=cc0f025125e70cf0de5baf5e3cac8e05c2fffcbdab942366fe3e7acbf10e89e0,GOOGL
Investors should reallocate Big Tech plays 'now.' Here's how.,"Steward Partners Global Advisory partner and managing director, Jason Bottenfield, joins Yahoo Finance Executive Editor Brian Sozzi to discuss how investors should be thinking about their investments in the artificial intelligence (AI) trade in 2026. To watch more expert insights and analysis on the latest market action, check out more Morning Brief.",2025-12-31 11:30:10,Yahoo,https://finnhub.io/api/news?id=e1cfcf079542853c310406c89d4d9d5de3a5fdbf0bf42858d62ce29e0b35cfbe,GOOGL
Apple Faces High Stakes in 2026 as AI-Powered Siri Launch Slips,Company bets on next-gen voice assistant to reignite iPhone upgrade cycle.,2025-12-31 11:22:51,Yahoo,https://finnhub.io/api/news?id=026b379bc582def668baeabd17f61857c6565db900a6d52ce819bf166db22020,GOOGL
A $2.2 Trillion Jump in Billionaire Net Worth,The 500 richest billionaires gained over $2 trillion in net value in 2025. Much of the gain came from Tesla CEO Elon Musk and a few other big tech billionaires.,2025-12-31 11:20:20,Yahoo,https://finnhub.io/api/news?id=c85145f3d5d1376652799c3b3d293661b21ebbc9b75116155595ea8d75dd74f9,GOOGL
Paccar: Short-Term Risks And No Reason To Own It For The Long Haul,Paccar Inc. rated Sell: structural transport headwinds and costly EV/autonomous investments may pressure returns. Click for this PCAR stock update.,2025-12-31 11:18:20,SeekingAlpha,https://finnhub.io/api/news?id=f525fb058efaf890378d8dafab673d10a0f793220096929a184c9bb0c65de97b,GOOGL
Nvidia in talks to buy Israel’s AI21 Labs for up to $3bn – report,The acquisition would be Nvidia’s fourth major deal in Israel and its second largest after Mellanox.,2025-12-31 11:11:46,Yahoo,https://finnhub.io/api/news?id=8c78745cb84f370adaabea6d97b6a25477686f29ed05281f9c8bd474055912e7,GOOGL
"Trump 2.0, stocks soar again, gold hits records, AI boom rolls on — Yahoo Finance's 2025 year in review",Stocks will end 2025 with gains once again. The path to getting there was anything but straightforward.,2025-12-31 11:00:12,Yahoo,https://finnhub.io/api/news?id=43b66329e78aaefea480d8758f9385b8203d97d302ab84e119ceada31629beff,GOOGL
These Stocks Are the Market’s Biggest Winners and Losers in 2025,"The AI trade broadened out this year, as chip stocks again led the S&P 500 but were joined by the shares of companies tied to building the data centers that will power the technology.  Three of the index’s top 10 performers in 2025 were data storage companies, which are among the main beneficiaries of the hundreds of billions of dollars in pledged spending by the giant AI cloud service providers known as hyperscalers.",2025-12-31 11:00:07,Yahoo,https://finnhub.io/api/news?id=e7d593f2b21a2545f4c5b50b2ac01cbb2ed3ce54c304c0606af9d0fc078f3b39,GOOGL
"Zacks Investment Ideas feature highlights: Alphabet, NVIDIA and Tesla","Alphabet's AI comeback, surging cloud growth and strengthening ad and YouTube businesses show Google's growth story is far from over.",2025-12-31 10:59:00,Yahoo,https://finnhub.io/api/news?id=56cc7b9eb7a99d7c10ee57b0690253be599aa1515e3560f3989e0c7c321e62f2,GOOGL
Tecnotree Included as a Representative Provider in Gartner® Innovation Insight: AI SOC Agents Accelerate CSP SecOps Transformation,"ESPOO, Finland, December 31, 2025--Tecnotree, a global digital platform and services provider for communications service providers (CSPs), today announced that it has been referenced as a Representative Provider alongside Google, Anthropic, Dropzone AI, DRUID, Palo Alto Networks, and Pegasystems in the Gartner® Innovation Insight: ""AI SOC Agents Accelerate CSP SecOps Transformation,"" published in December 2025.",2025-12-31 10:59:00,Yahoo,https://finnhub.io/api/news?id=cd15160d0893345ed5289f8aed48fc260f88267adbe871e04c7cb96d55b04355,GOOGL
Alphabet To Rally Around 23%? Here Are 10 Top Analyst Forecasts For Wednesday, ,2025-12-31 10:12:09,Benzinga,https://finnhub.io/api/news?id=8174855ce2fa5080e433ff732725ba2942083a7d2c23c128def9f8a546d89152,GOOGL
The Club's top 10 things to watch in the stock market Wednesday,"It's the final trading session of 2025, and stocks are slumping.",2025-12-31 09:27:50,CNBC,https://finnhub.io/api/news?id=edb70f28a8665709cc2a959461587e2038534dbb943b79de410531fcec077811,GOOGL
"Alphabet Isn't Dead, It's Our Top 2026 Pick","Alphabet (GOOGL) remains a top pick for 2026, having outperformed the S&P 500 by a wide margin since 2024.",2025-12-31 09:00:00,SeekingAlpha,https://finnhub.io/api/news?id=516e5d76418f5ab1183367db68ffb21d3e71fb19d4e4749373bc4253dd577a20,GOOGL
Space and defense boom lifted these satellite stocks by more than 200% in 2025,Satellite stocks have benefitted this year from renewed interest in space exploration and military reindustrialization efforts.,2025-12-31 07:00:01,CNBC,https://finnhub.io/api/news?id=4f42c538b3507100f61f05fc637ae48f1b4bc0a6f67a0b640bb07d90acae0e8b,GOOGL
This Google Rival Is Starting To Flare Up: Big Surge In Momentum Scores,"A prominent Alphabet Inc. competitor in the online advertising space, Taboola.com is starting to see renewed strength in recent weeks.",2025-12-31 04:37:17,Benzinga,https://finnhub.io/api/news?id=41d27a16307b80793b575a21287a5ae2543284fbc78f8f98c9572d89375cdf20,GOOGL
Intel: 2026 Is The Year Of Inference And Its Last Credible Bet,,2025-12-31 03:47:51,SeekingAlpha,https://finnhub.io/api/news?id=964a13050834c2d035bb26a9d01ed1392c7306a2673c32dc230a8e890f535bc8,GOOGL
Tracking Tweedy Browne Portfolio - Q3 2025 Update,"Read here for Tweedy Browne's latest 13F updates, top holdings like Ionis Pharma, and shifting investment strategies.",2025-12-30 22:11:33,SeekingAlpha,https://finnhub.io/api/news?id=f534de22c8b9f9812ab099225a3acf0a9cdfe2449a721143ff270eb7ffa1312d,GOOGL
"Ranking the Best ""Magnificent Seven"" Stocks to Buy for 2026. Here's My No. 1.","It's not the flashiest company, but it's the best for 2026.",2025-12-30 20:20:00,Yahoo,https://finnhub.io/api/news?id=8b08dadfb99768fced71d8a3db56beece99a39f645d1666b971b18b71df9ba8a,GOOGL
Meta adds $18 billion in value on report of $2 billion Manus acquisition,"CNBC's MacKenzie Sigalos joins 'Halftime Report' to discuss why investors are cheering the purchase of a China-founded, Singapore-based AI agents company — and how it strengthens Meta’s business tools as questions mount about ROI.",2025-12-30 19:12:40,CNBC,https://finnhub.io/api/news?id=7cde87db79b36d8b839073464741efc875c8289688da3851e46129a966425fc5,GOOGL
What Are the 2 Top Artificial Intelligence (AI) Stocks to Buy Right Now?,Nvidia and Alphabet are among the companies that are best positioned to benefit from the next phase of the AI trend.,2025-12-30 18:45:00,Yahoo,https://finnhub.io/api/news?id=764166888fa6470dd7dee1df27712163a7df059f2e3e59b52edecc0ba742ec48,GOOGL
"What the Buffett Indicator says about the bull market, AI trade","After 60 years at the top of one of the world's biggest investment firms, Berkshire Hathaway (BRK-A, BRK-B) CEO Warren Buffett will be handing off the leadership reins to Greg Abel at the end of 2025. The Oracle of Omaha was also noted to have invented the Buffett Indicator, which assesses the valuation of the stock market by dividing the total value of US stocks with the total US GDP (gross domestic product). Yahoo Finance senior reporter Brooke DiPalma weighs in on how much longer the Buffett Indicator may be calling for a continued bull market, while Miramar Capital Co-Founder and senior portfolio manager Max Wasserman comments on his outlook on the AI trade when factoring in Warren Buffett's market formula. To watch more expert insights and analysis on the latest market action, check out more Opening Bid.",2025-12-30 18:30:00,Yahoo,https://finnhub.io/api/news?id=cfe79adbd6282eaabecd46b7fca7e42a9d1429d521934387f614556b300ad1c8,GOOGL
Google's AI Renaissance (Growth Story is Far from Over),"Alphabet remains one of the most strategically positioned companies in technology, combining dominant search economics, accelerating cloud momentum, and expanding AI-driven fundamentals.",2025-12-30 18:10:00,Yahoo,https://finnhub.io/api/news?id=4195c4541c523d7b1d969010519a4396ff1564351973a9bc92ea4197cde312a9,GOOGL
"Nvidia in talks to buy A21 Labs for $2B-$3B, Israeli media reports","Investing.com -- Nvidia is in advanced negotiations to acquire AI21 Labs for $2-3 billion, according to a Tuesday report from Israeli media outlet Calcalist.",2025-12-30 17:48:18,Yahoo,https://finnhub.io/api/news?id=f52d618c30b36198429f876bd3c20dd4d3e03c5cbdc3b6b37286480d059b589d,GOOGL
Alphabet Stock is Starting to Get Cheap Again After Dipping in December,"Even after slipping mildly to end the year, shares of Alphabet (NASDAQ:GOOGL) are poised to close off 2025 as the most magnificent performer of the Magnificent Seven, with gains of around 65%. Undoubtedly, it really was Alphabet’s year, with Google Gemini making massive strides in the AI race, growing its userbase at an impressive pace ... Alphabet Stock is Starting to Get Cheap Again After Dipping in December",2025-12-30 17:29:22,Yahoo,https://finnhub.io/api/news?id=a20d57347aba6422dffae0019ca4720c227c44549be80364c53b49275dae26bb,GOOGL
"Nvidia in advanced talks to buy Israel's AI21 Labs for up to $3 billion, report says","Nvidia is in advanced talks to buy Israel-based AI startup AI21 Labs for as much as $3 ​billion, the Calcalist financial daily reported on Tuesday.  Nvidia declined to ‌comment, while AI21 was not immediately available to comment.  Nvidia and Alphabet's Google participated in that funding.",2025-12-30 17:10:25,Yahoo,https://finnhub.io/api/news?id=16eec37b4eb4dad3d5aed451e8c45e6ff1277fc4941f9bb9d9f78b873843f333,GOOGL
EXCLUSIVE: Benzinga Readers Picked This Magnificent 7 Stock To Be 2025's Winner — Were They Right?,Benzinga readers picked their top Magnificent Seven stock for 2025 back in November 2024. Were they right?,2025-12-30 17:08:34,Benzinga,https://finnhub.io/api/news?id=e5c660fe00d8c44e4b6ae23eaa2ac41a36a2ddc7013a0c9c03b13619382cb977,GOOGL
South Korean Investors Pour $1.4 Billion Into Ether-Focused BitMine,"US-listed BitMine ranks among top overseas holdings in 2025 after pivoting to Ether, despite an 82% drop from July highs.",2025-12-30 16:35:06,Yahoo,https://finnhub.io/api/news?id=f07f70617efa14bfe70b5e911cdb330992fa96626f9b2d584a4251b40946433f,GOOGL
Samsung’s First Trifold Phone Is Expensive and Half-Baked,"Samsung Electronics Co. became the first major player in 2019 to get in on the trend, and has kept at it since, releasing four new folding phones in 2025 alone, most recently the Galaxy Z TriFold.  Trifolds are an emerging subcategory of foldables, first attempted by Huawei Technologies Co. last year, that can take the form of both a smartphone and a widescreen tablet that’s well suited for watching videos.",2025-12-30 16:00:09,Yahoo,https://finnhub.io/api/news?id=316ac623c8589ee09d41403906cbd1acbca2cbb77e755b7d34ccf9d4ee6c307b,GOOGL
Cipher Mining's AI/HPC Expansion Takes Shape: Is the Shift Paying Off?,"CIFR's AI/HPC pivot gains traction with long-term AWS and Fluidstack deals, $8.5B in leases, and 544 MW contracted in one quarter.",2025-12-30 15:54:00,Yahoo,https://finnhub.io/api/news?id=bb98e67213a914762749f5e0e9107e579bb735866c59edae08d4cae823e00a83,GOOGL
Meta Stock Rises After Buying Manus. What the China-Founded AI Start-Up Brings.,"Meta Platforms is buying AI start-up Manus, which could boost the social-media platform’s offering in the hot area of autonomous agents.",2025-12-30 15:10:00,Yahoo,https://finnhub.io/api/news?id=e4b3768bab473718356a16f60e1ea53cb1c8343508a5826059e970a7c6dd34f6,GOOGL
Warren Buffett is retiring — here's what his favorite indicator reveals about the stock market,Here's one more check in with Warren Buffett's favorite investing indicator.,2025-12-30 14:20:04,Yahoo,https://finnhub.io/api/news?id=8ac379de7183dc1dfa9ebdaa540420db265188f712a3b1a7483a3ca35e31759e,GOOGL
Tuttle Capital Management Launches the Tuttle Capital Magnificent 7 Income Blast ETF (MAGO),"Greenwich, Connecticut--(Newsfile Corp. - December 30, 2025) - Tuttle Capital Management, a leading provider of thematic and alternatives ETFs, today announced the launch of the Tuttle Capital Magnificent 7 Income Blast ETF (CBOE: MAGO), now trading on the CBOE.MAGO is an actively managed exchange-traded fund that seeks to provide current income and exposure to the equity performance of the ""Magnificent 7"" - Alphabet, Amazon, Apple, Meta Platforms, Microsoft, NVIDIA, and Tesla - using an...",2025-12-30 14:02:00,Yahoo,https://finnhub.io/api/news?id=1edb6e0bf86205f83507e4b40222c65d640c59580dd840d7f74f01fc33da8bf8,GOOGL
Alphabet Inc. (GOOGL) is Attracting Investor Attention: Here is What You Should Know,"Recently, Zacks.com users have been paying close attention to Alphabet (GOOGL). This makes it worthwhile to examine what the stock has in store.",2025-12-30 14:00:06,Yahoo,https://finnhub.io/api/news?id=e3c9ad307c8abd5479372d06233894c07975e5dfe040bfa752baf8d64a20a594,GOOGL
Alphabet Inc. (GOOG) is Attracting Investor Attention: Here is What You Should Know,"Zacks.com users have recently been watching Alphabet (GOOG) quite a bit. Thus, it is worth knowing the facts that could determine the stock's prospects.",2025-12-30 14:00:03,Yahoo,https://finnhub.io/api/news?id=def26265dd23454a11fcc866090977cb06c9efeb8c4fab14274ee36f8c7d171c,GOOGL
It’s the Final Countdown: 3 Stocks to Buy Before We Wrap Up 2025,"As we near the end of 2025, plenty of investors will undoubtedly be looking at ways to rebalance or reallocate funds within their portfolios. Indeed, for those looking to harvest some tax losses, or reposition one’s holdings for the New Year, now would be the time to do so. After all, we only have a ... It’s the Final Countdown: 3 Stocks to Buy Before We Wrap Up 2025",2025-12-30 13:55:35,Yahoo,https://finnhub.io/api/news?id=9fe2e271313f9a36fdda03f669fc720cf6214ccf79286b5f88f48a14860931ee,GOOGL
Meta to Acquire Chinese AI Startup Manus in $2 Billion Deal,Acquisition aims to accelerate Meta's integration of advanced AI across platforms.,2025-12-30 13:43:05,Yahoo,https://finnhub.io/api/news?id=6209ac3ff2018510436f34b0fb4fe42711982edadc7990ed8d5d9bc762934c13,GOOGL
Beyond Nvidia: Dan Ives Names Top AI Stocks For 2026,"Wall Street is bullish on AI beyond 2025, Wedbush analyst Dan Ives says investors should focus on AI ripple effect winners.",2025-12-30 13:41:42,Benzinga,https://finnhub.io/api/news?id=1b57cc18e98bd8dd2d29b42ed129a1a4595a31b18d29c64a33c30a91a2da24b8,GOOGL
Nvidia Invests $20 Billion in Groq to Expand AI Inference Capabilities,Move marks key step in Nvidia's strategy to diversify beyond AI training chips.,2025-12-30 13:21:36,Yahoo,https://finnhub.io/api/news?id=2649fcd0c10558e86c02e8d905bdafc593aa8df86ee1fe34c67b4f62f4bd3279,GOOGL
"Here Are Tuesday’s Top Wall Street Analyst Research Calls: Alphabet, Applied Digital, Birkenstock, Etsy, Genius Sports, Tesla, Twilio, and More","Pre-Market Stock Futures: The futures are trading flat after investors and traders returned from the Christmas holiday to find a lump of coal in their stockings. All the major indices closed lower on Monday, with the technology sector leading the way on end-of-year profit-taking. With only one full trading day left in 2025 and the ... Here Are Tuesday’s Top Wall Street Analyst Research Calls: Alphabet, Applied Digital, Birkenstock, Etsy, Genius Sports, Tesla, Twilio, and More",2025-12-30 13:12:38,Yahoo,https://finnhub.io/api/news?id=7d686de2fabfb7a1eed87ba65535c345cb81761184181e7748d76b8e1bb5b2f1,GOOGL
U.S. International Trade Commission Votes to Institute Investigation into Samsung,"IRVINE, CA / ACCESS Newswire / December 30, 2025 / Netlist, Inc. (OTCQB:NLST) today announced that the United States International Trade Commission (ITC) has voted to institute an investigation into Samsung and two of its customers, Google and Super ...",2025-12-30 13:00:00,Yahoo,https://finnhub.io/api/news?id=954e0ad6489991560b0961d7092fbd5f137154922e2c5e10a62a4cf69651da56,GOOGL
This Week In Cloud AI - ChronoScale Emerges From Applied Digital and EKSO Collaboration,"Recent developments in the Cloud AI sector highlight Applied Digital's strategic move to spin out its cloud computing business, Applied Digital Cloud, and combine it with EKSO Bionics Holdings to create ChronoScale Corporation. This proposed business combination is aimed at establishing an accelerated compute platform built specifically to cater to AI workloads, reflecting the increasing demand for GPU-accelerated cloud infrastructure. By focusing on delivering high-performance compute...",2025-12-30 12:37:44,Yahoo,https://finnhub.io/api/news?id=6a4b0528129d1944de957e3b88cfaacf1f6f877ebe6a7d47bfb908b41eb47493,GOOGL
Alphabet (GOOG) Rallied Following Court Ruling on Anti-Competitive Practices,"TCW funds, an investment management company, released its “TCW Concentrated Large Cap Growth Fund” third-quarter 2025 investor letter. A copy of the letter can be downloaded here. Equity markets continued their rally in the third quarter, driven by continued optimism around AI investments and positive corporate earnings. Against this backdrop, the fund (I share) returned +4.11% in […]",2025-12-30 11:58:36,Yahoo,https://finnhub.io/api/news?id=860099e719b770aacb84f0463474e80eed398e2b050e5b16025df0a5575e2fa9,GOOGL
AI Trade’s Next Leg Is All About Tech’s ‘Pick-and-Shovel’ Stocks,"Data storage companies dominated the S&P 500 Index in 2025, with Sandisk Corp. shares soaring almost 580% to make them the benchmark’s best performer, with Western Digital Corp. in second and Seagate Technology Holdings Plc in fourth.  Meanwhile, AI-linked power providers and cable and fiber producers such as Amphenol Corp., Corning Inc., NRG Energy Inc. and GE Vernova Inc. were among the Top 25.",2025-12-30 11:00:07,Yahoo,https://finnhub.io/api/news?id=0512790bd66524681894f2c96ba273ebd5b98a8f74891c7c98bc7eb8d257f49e,GOOGL
Prediction: This Company Could Be Among the First to Reach a $5 Trillion Valuation,Alphabet could experience another surge in 2026.,2025-12-30 11:00:00,Yahoo,https://finnhub.io/api/news?id=807521bc91bcf76b714a97ffdbea53dcc8f8fa18d3192fdf011da284b265a13a,GOOGL
Tech giants accused of snooping on radio listeners,Tech giants have been accused of using smart speakers to snoop on radio listeners in a bid to improve their own streaming services.,2025-12-30 10:50:08,Yahoo,https://finnhub.io/api/news?id=9c226cfe60c51af984a40a15e570b1e4d0d0eff9df964072781dce388661ed08,GOOGL
"Jeff Bezos Moved To Florida And That Impacted Washington State Budget, Says Ron DeSantis: 'States With No Income Tax Have A Major Advantage...'","Florida Gov. Ron DeSantis (R) said that Washington state’s fiscal outlook took a significant hit after Amazon.com Inc. (NASDAQ:AMZN) founder Jeff Bezos relocated from the state to Florida in late 2023. Taxpayers ‘Flee’ Due To Bad Policies On Sunday, in...",2025-12-30 10:45:22,Yahoo,https://finnhub.io/api/news?id=a52b2f4d1a46a1a165e37d1a9f2c0824f63acf768eaa8be12868c47865a27635,GOOGL
"2026 S&P 500 Outlook: Why The Index Will Hit 8,300","S&P 500 (SPY) could reach 8,300 in 2026, driven by AI, capex growth, and policy tailwinds. Click here for a detailed analysis.",2025-12-30 10:30:01,SeekingAlpha,https://finnhub.io/api/news?id=0303a293370535b112da0a2fcc66df4235d121b0d9d82c05b0039abb22eeb58e,GOOGL
"Zacks Investment Ideas feature highlights: Amazon, Alphabet, Meta Platforms and Microsoft",Amazon stands out among Mag 7 hyperscalers as rising ROIC and positive EPS revisions help ease investor concerns over massive AI-driven CapEx.,2025-12-30 10:15:00,Yahoo,https://finnhub.io/api/news?id=45752a3f3ebcf022ae866e9bd35f5578391b26a836790dd93627ff2bb213bc30,GOOGL
Nvidia: Here's How Groq Has Altered Its Fate For 2026,"Nvidia Corporation acquires Groq assets for $20B, enhancing AI inference tech and competitive edge. Click for this updated look at NVDA and what this means.",2025-12-30 10:07:39,SeekingAlpha,https://finnhub.io/api/news?id=d63f13a6f0afe13b2cf4ee18f7a9ab92cfd982f6c404807919ab9f2840a1cee4,GOOGL
OpenAI Wants Another $100 Billion,"The AI trade continues to be the biggest topic on the market, and there have recently been reports that OpenAI is looking to raise another $100 billion.",2025-12-30 06:43:00,Yahoo,https://finnhub.io/api/news?id=d835500d59625913c514f5ce3863fd9e5bdd3d9104a0565a371c4ed3fd1b62c6,GOOGL
Microsoft’s Nadella overhauls leadership as he plots AI strategy beyond OpenAI,Satya Nadella has overhauled Microsoft’s senior leadership this year with a raft of changes intended to keep the 50-year-old software giant ahead...,2025-12-30 05:00:20,Yahoo,https://finnhub.io/api/news?id=d0e9929baae60f42bc8007fd6937e67fb8256a0893f19708fe2b86bed3f6f048,GOOGL
Alphabet vs. Microsoft: Better AI Stock to Own in 2026?,"After outperforming in 2025, can Alphabet's stock do it again in 2026?",2025-12-30 04:20:00,Yahoo,https://finnhub.io/api/news?id=3601c431afdc4d111451abcd2d910f1c74afe7a6067c670d14c02d68e972244e,GOOGL
"Weekend Round-Up: XPeng's Middle East Expansion, China's EV Energy Limits, Waymo's Service Pause, Holiday Travel Chaos And Tesla's European Decline","This week was a mixed bag for the tech and travel sectors. Chinese EV maker XPeng Inc. announced expansion plans in the Middle East and Africa, while China introduced new energy consumption standards for EVs. Meanwhile, Alphabet Inc.’s Waymo paused its services due to weather conditions and the holiday travel scene was thrown into chaos by a winter storm. Lastly, Tesla Inc.’s sales in Europe continued to decline. XPeng’s Middle East And Africa Expansion XPeng shares rose after the company unveil",2025-12-30 03:30:35,Yahoo,https://finnhub.io/api/news?id=5bc70bdd1206ee01ff501c28c1befbd3460d223f27d275143504d45a47e4e62b,GOOGL
"After a Year of Blistering Growth, AI Chip Makers Get Ready for Bigger 2026","Driven by the explosive growth of artificial intelligence, the largest semiconductor companies in the world recorded more than $400 billion in combined sales in 2025, by far the biggest year for chips on record.  Hardware designers such as  Nvidia  which more than doubled its revenue year-over-year, are the main suppliers of the picks and shovels behind this new digital gold rush.",2025-12-30 02:00:00,Yahoo,https://finnhub.io/api/news?id=eb12b5295bd5750cc8d432c0d1e4751afd3b63395e782e407d96bcf9b47096ee,GOOGL
"Meta acquires intelligent agent firm Manus, capping year of aggressive AI moves","Meta Platforms has acquired Manus, a Singapore-based developer of general-purpose AI agents, capping a year of massive spending on artificial intelligence. ",2025-12-29 22:18:51,CNBC,https://finnhub.io/api/news?id=c18fbea0cee6a268f59c6a68bb3112625fccdcad2973944d76d23098c50a1a55,GOOGL
Sector Update: Tech Stocks Softer Late Afternoon,"Tech stocks were lower late Monday afternoon, with the State Street Technology Select Sector SPDR ET",2025-12-29 20:44:02,Yahoo,https://finnhub.io/api/news?id=87b0f371836b9f793e56e976bb3e6e747b66fdc8c39cbff57ca1c6f8b5167170,GOOGL
Why 2026 could be Waymo's year,"From Los Angeles to Austin to Atlanta, Waymo robotaxis are everywhere. And 2026 could be the year Waymo expands its lead in the space.",2025-12-29 19:58:50,Yahoo,https://finnhub.io/api/news?id=a2f17fe90abb9507323505b52d15f471db930a010b51aefb1bb66e5b96a1fb50,GOOGL
Why anchoring 2026 portfolios in Big Tech and cybersecurity is the way to go,Winthrop Capital's Adam Coons warns the margin of safety is evaporating and position sizing is now the only defense.,2025-12-29 19:35:45,Yahoo,https://finnhub.io/api/news?id=9f42d4c76d1bbcba93a7aad3ed22906e05c94ed1739e20aaee3543854e19e51f,GOOGL
"1 Unstoppable Stock That Could Join Nvidia, Alphabet, Apple, and Microsoft in the $3 Trillion Club in 2026","Amazon is making a habit of beating Wall Street's expectations, so its stock might be undervalued right now.",2025-12-29 18:37:00,Yahoo,https://finnhub.io/api/news?id=debb0c588e36dd2ed5c8d5309f60314c4a37e4c5581a89695428ffafce215ecf,GOOGL
Sector Update: Tech Stocks Fall Monday Afternoon,"Tech stocks were lower Monday afternoon, with the State Street Technology Select Sector SPDR ETF (XL",2025-12-29 18:31:53,Yahoo,https://finnhub.io/api/news?id=9b509905db19d0244b69d3f78a11031a65387c19833ca85239ed9bc1cf832f80,GOOGL
Jim Cramer’s guide to investing: Pick out the obvious winners,CNBC's Jim Cramer detailed his approach to investing in high-quality growth stocks.,2025-12-29 18:31:22,CNBC,https://finnhub.io/api/news?id=2b03909072d772cbaf8c5645cd42ba423e526284d5144fe2ee4e61c14730f6dd,GOOGL
Forget High‑Risk AI Penny Stocks: This Established AI Leader Is a Safer Long‑Term Bet,Alphabet is working to be an AI one-stop shop.,2025-12-29 18:05:00,Yahoo,https://finnhub.io/api/news?id=68ce39b68d2a12f8227bef0bd3fe293965e1d4a44f4c853e92a3562b1d4a082b,GOOGL
Alphabet Isn’t a Search and Ad Company Anymore. Now It’s Valued Like an AI Stock,"Alphabet (NASDAQ:GOOG)(NASDAQ:GOOGL) remains the dominant force in search and digital advertising, holding approximately 90% of the global search engine market share and capturing over 85% of search advertising spend worldwide. Advertising revenue, primarily from Google Search and YouTube, accounts for about three-quarters of Alphabet’s total revenue, with third-quarter advertising at $74.2 billion out of $102.3 ... Alphabet Isn’t a Search and Ad Company Anymore. Now It’s Valued Like an AI Stock",2025-12-29 17:46:36,Yahoo,https://finnhub.io/api/news?id=78a8a4e50ec9e307b35d6fc0d10e723197e5e7b75e5b1e52f5e1d46fc8fdd3d7,GOOGL
Reflecting On The 2025 AI Stock Surge: Key Themes To Watch In 2026,"If 2024 was the year of higher for longer, 2025 will be remembered as the year of the Debasement Trade. It was a year where the playbook...",2025-12-29 16:38:00,SeekingAlpha,https://finnhub.io/api/news?id=55faec50c513e7e0088815a3a22a86176f0b16ba0279514f757906544cee1ca4,GOOGL
"Alphabet, Nvidia win the AI margin trade as Amazon, Apple, and Meta underperform S&P 500","CNBC’s MacKenzie Sigalos reports on the Mag7 splitting into AI “earners” and “spenders” — with investors rewarding companies converting capex into profit now, and warning that model convergence could make distribution the next deciding edge in 2026.",2025-12-29 15:56:44,CNBC,https://finnhub.io/api/news?id=f4ae53f776d0567dd29a511fb2daa5fb98f32a10a04e4e6d981b06ad24cb2c89,GOOGL
Chip sales could top $1T in 2026. Is Nvidia still top AI play?,"While Nvidia (NVDA) was one of the standout winners of the AI trade in 2025, will the chipmaker remain a tried-and-true stock pick in 2026? Winthrop Capital Chief Investment Officer Adam Coons weighs in on the importance of diversification in the artificial intelligence ecosystem, especially as Bank of America analysts forecast semiconductor sales to top $1 trillion next year. Yahoo Finance senior reporter Brooke DiPalma also joins the discussion. To watch more expert insights and analysis on the latest market action, check out more Opening Bid.",2025-12-29 15:48:09,Yahoo,https://finnhub.io/api/news?id=10577a4171432e83621405a3d7372ef66614336c1c4dd621c953bbf702f4cfb7,GOOGL
That 'Would've Been A Big Mistake' — Sergey Brin Says Of Staying Retired After Feeling He Was 'Spiraling' Outside Google's AI Race,"Google co-founder Sergey Brin said stepping away from day-to-day work no longer made sense as artificial intelligence accelerated, prompting him to return to active development. He recently told Stanford School of Engineering Dean Jennifer Widom that he felt himself ""spiraling"" and ""not being sharp,"" a realization that led him back into active AI development at Alphabet Inc. (NASDAQ:GOOG, GOOGL)). Don't Miss: GM-Backed EnergyX Is Solving the Lithium Supply Crisis — Invest Before They Scale Globa",2025-12-29 15:33:21,Yahoo,https://finnhub.io/api/news?id=9c72eb2ce05ad1dcc3c032e59b7c7bc6df67625f3b676a46a228798bfa55ab8d,GOOGL
Talk of the Tape: Next phase of the AI trade,"Phil Palumbo, Palumbo Wealth Management, joins 'Closing Bell' to talk where the AI trade is headed in 2026.",2025-12-29 15:31:01,CNBC,https://finnhub.io/api/news?id=472cc275e931afe239c674585c3a4918833b0738859a7acf0385461b3107496d,GOOGL
Why Alphabet Just Paid $4.75 Billion for Intersect -- and What It Means for the Future of Artificial Intelligence (AI),Alphabet recently announced that it is acquiring Intersect for $4.7 billion.,2025-12-29 15:20:00,Yahoo,https://finnhub.io/api/news?id=00b13a59c2a834db4bc9f7fa2b091b7fcc2e69ffb20a3cdb1f6201e0d9b84135,GOOGL
Alphabet (GOOG) Reported Strong Results Despite AI Disruption,"Artisan Partners, an investment management company, released its “Artisan Value Fund” third-quarter 2025 investor letter. A copy of the letter can be downloaded here. The equity market rally persisted in the third quarter as investors ignored tariffs, buoyed by strong corporate earnings, rising AI investment, and prospects of economic support from US fiscal policy and […]",2025-12-29 15:15:44,Yahoo,https://finnhub.io/api/news?id=6577b7f527ef7102bda217a749349fc38ce5e7202656892042b0dce7091e4649,GOOGL
Quantum Computing Stocks: Profit-Taking Looms Amid 2025 Roller Coaster,Quantum computing stocks are ending 2025 just like they started: on a roller coaster as investors mull profit taking versus 2026 outlooks.,2025-12-29 15:11:03,Yahoo,https://finnhub.io/api/news?id=60a1fd87e572c24aa243d0eba025b89cc808537ea40b2e2ec8f8d183b5155071,GOOGL
Tesla Stock Defied the Odds in 2025. Can It Do It Again in 2026?,An Elon Musk holiday tweet boosted hopes for removing the safety monitor from Tesla’s robo-taxi service.,2025-12-29 15:02:00,Yahoo,https://finnhub.io/api/news?id=40f1346cf247919d123b39a0aeebb06b165c79ac9fa23d4efedf8b6e03bb9e42,GOOGL
Quantum computing works — now investors will see if the stocks do too,Charlie Garcia responds to readers about the opportunities and obstacles for investors in quantum computing.,2025-12-29 14:50:00,Yahoo,https://finnhub.io/api/news?id=8a398bf748bc09280fdea09645b3e9e8e17c28673a2a2fde939c34f82d70ac98,GOOGL
Alphabet's SandboxAQ Lands a Government Cyber Deal. Why It Matters for AI Security,Bahrain Is Betting on AI to Get Ahead of Quantum Cyber Threats,2025-12-29 14:07:53,Yahoo,https://finnhub.io/api/news?id=255d80dac97506bb942d670bf098e0537b3f8b7040ac9f6d8bd92042b4bdb59a,GOOGL
Alphabet Spin Off SandboxAQ Secures Bahrain Cybersecurity Deal,AI platform to safeguard 60 government ministries from future quantum threats.,2025-12-29 13:53:32,Yahoo,https://finnhub.io/api/news?id=cda182535f5988167e44a15807fd791de50c23ce51c06a3c3bc4c0008829841a,GOOGL
AI spend is forcing a Mag 7 reckoning — and the gap could widen in 2026,CNBC’s MacKenzie Sigalos reports on the Mag 7 split as investors punish heavy AI capex without clear returns — and model convergence makes distribution the deciding edge heading into 2026.,2025-12-29 13:24:29,CNBC,https://finnhub.io/api/news?id=dd9c4ad71a7a0c3f6b436dc3cdab4318d6eda4c1ced394f0f6cd4a985f40120d,GOOGL
Nvidia: Implications Of The Groq Deal,,2025-12-29 13:16:39,SeekingAlpha,https://finnhub.io/api/news?id=52d9591963e3c3a9d6d36b366a61e78f98fb833de1b140c57162c169a5a58c5b,GOOGL
Why Amazon stock could have nearly 50% upside in 2026,Amazon's stock could bounce back in 2026 after a rough 2025.,2025-12-29 13:14:05,Yahoo,https://finnhub.io/api/news?id=abf4125ce1c251026382f76e1727464d3050425bee8808e0334c8768b902e39e,GOOGL
Uber: The Transformation Is Far From Over,"Uber Technologies, Inc. posted strong Q3 2025 growth and record EPS, driven by solid fundamentals and innovation. Click for more on UBER stock prospects.",2025-12-29 12:58:54,SeekingAlpha,https://finnhub.io/api/news?id=47bb7a49317e9233c4f77ee1e79d3d3b71dcc097fac1a8ba6986ef10504bed98,GOOGL
Where To Find Outperformance In 2026,"I expect real estate, financials, and energy sectors to outperform in 2026 as prior underperformance and macro tailwinds set up favorable risk/reward.",2025-12-29 12:42:13,SeekingAlpha,https://finnhub.io/api/news?id=fcef614cfa7f67fc3b89987b4adaf174aac402c8b65b4378120836d9fa71fcff,GOOGL
"Tesla: It's Not Time For Bears To Give Up, The Big Short Of 2026 (Downgrade)","Explore Tesla, Inc.'s high valuation amid Robotaxi hype, slowing sales, and shrinking regulatory credits. Click for this TSLA update.",2025-12-29 12:19:30,SeekingAlpha,https://finnhub.io/api/news?id=16840df862e84fb0531e8bb0c01dbc9d1dfebbbf1af0fa7df83959b48253171f,GOOGL
Traini Raises $7.5 Million to Build Pet Emotional Intelligence,"PALO ALTO, Calif., December 29, 2025--Traini announced a $7.5 million funding round to develop the world’s first real-time human–dog conversational AI and cognitive smart collar.",2025-12-29 12:00:00,Yahoo,https://finnhub.io/api/news?id=e52e6259333c17dd88ff8de824cc349ea921f8257a6e7166f2aead2870059c6d,GOOGL
"The Zacks Analyst Blog Highlights Meta Platforms, Alphabet and Amazon","Meta Platforms is leaning hard into AI to lift engagement and ad performance, but rising competition from Alphabet and Amazon keeps the upside debate alive.",2025-12-29 11:49:00,Yahoo,https://finnhub.io/api/news?id=af0466251886583d87c389a22a9d9aec0850097f4a02fc509433f6a71c55e2d3,GOOGL
"The Zacks Analyst Blog Highlights Amazon, Microsoft and Alphabet",Amazon leads a trio of cloud giants poised to benefit from soaring AI-driven demand as data center expansion accelerates into 2026.,2025-12-29 11:33:00,Yahoo,https://finnhub.io/api/news?id=b16d51e806b1ad1e5994f8f659e07a3e7ff50cf14049ff0aee5c30356602966a,GOOGL
Is Nvidia Stock a Buy Ahead of 2026?,Nvidia's Growth Isn't Slowing Yet. Here's What Investors Should Watch Next,2025-12-29 11:27:25,Yahoo,https://finnhub.io/api/news?id=39cf8247f05c4e9dacaa53aac7b72ba5ccb43b3132ed37a57d79c04e76682ef8,GOOGL
2025 market growth: Betting against the US is a 'fool's game',"The AI trade has contributed to massive gains for investors in 2025, mainly in part to the growth of Magnificent Seven tech leaders. Annandale Capital founder and chairman George Seay — alongside CFRA Research's Sam Stovall — discusses what Wall Street should make of these gains and how much more the market has to give, referencing earnings growth and short seller sentiments. Also catch Sam Stovall and George Seay's comments on Santa Claus rally optimism, their outlook on small-cap stocks in 2026, and whether the market is in an AI bubble. To watch more expert insights and analysis on the latest market action, check out more Opening Bid.",2025-12-29 11:00:29,Yahoo,https://finnhub.io/api/news?id=2ddbeb73dbab2ae6391884ec0b334af31b72903ed341ac3e947d68d00e45b656,GOOGL
"Zacks Investment Ideas feature highlights: Nvidia, Broadcom, Vertiv and Alphabet","Nvidia sits at the heart of a $571B AI infrastructure buildout, with earnings upgrades, a major deal, and a bullish breakout setting the stage for 2026.",2025-12-29 10:58:00,Yahoo,https://finnhub.io/api/news?id=95034b409baf1e14ebe94dafb82d2a7c5812e14f008078a16bf780f03d1849eb,GOOGL
Alphabet: Validation Flywheel Accelerating For Gemini,"Discover why Alphabet (GOOGL) is a 'Strong Buy' as AI, cloud growth, and Waymo's expansion drive earnings prospects. Click here to read my latest analysis.",2025-12-29 10:40:56,SeekingAlpha,https://finnhub.io/api/news?id=a302f6f72234aed7ecfb504084a963b5888c18f6e0f3fb508a336f6c41a9ded3,GOOGL
"Market Chatter: Google, Verizon Under US DOJ Probe Over Diversity Hiring","Alphabet's (GOOG, GOOGL) Google and Verizon (VZ) are among government contractors being investigated",2025-12-29 10:40:41,Yahoo,https://finnhub.io/api/news?id=e99d3781b32d8ecfd643b51195f2ce1992c5937f75516789d7f756d0e8f07d32,GOOGL
California First Leasing Year-End Review,Discover why California First Leasing Corporation offers 42% upside with discounted large-cap holdings and a likely NAV merger in 2026. Click for more on CFNB.,2025-12-29 10:00:40,SeekingAlpha,https://finnhub.io/api/news?id=031021c0f66fce375e0809331a524b6ed7c9bc568135f9ef52c58f2b0c17a219,GOOGL
Investors know about the AI bubble. They're buying AI stock anyway.,"Call it the AI paradox: Investors know about the AI bubble, but they're still buying and holding Magnificent Seven stocks.",2025-12-29 09:59:12,Yahoo,https://finnhub.io/api/news?id=130ca0e27b9d700befb7e45ca5dac07f2a0c3cc4c0fd63d3abc8b4be4abc7976,GOOGL
Alphabet pulls ahead as the market reprices AI execution,CNBC's MacKenzie Sigalos reports on how a roughly 60-point year-to-date spread inside the Mag 7 is turning into a referendum on AI monetization — rewarding Alphabet and Nvidia while pressuring big spenders like Amazon and Meta.,2025-12-29 09:42:13,CNBC,https://finnhub.io/api/news?id=91bd16fb7f1108ef68bc4fa762bce562ef10ea8780e7d3e4831717d8dbd4eb26,GOOGL
"I’m Aboard the NVIDIA (NVDA) Love Train, Says Jim Cramer","We recently published 10 Stocks Jim Cramer Discussed. NVIDIA Corporation (NASDAQ:NVDA) is one of the stocks on Jim Cramer discussed. Cramer discussed AI GPU giant NVIDIA Corporation (NASDAQ:NVDA) in great detail after quite some time in this appearance. The tail end of 2025 hasn’t been kind to the shares, as they are down by 7.9% since […]",2025-12-29 09:35:43,Yahoo,https://finnhub.io/api/news?id=c7256c8750fa9f92261465bf7324c61e0bf899fdeb0094a9585c51c7e45d2879,GOOGL
The 2026 Playbook Every Investor Needs - And How I'm Executing It,"Discover 2026 investment strategies: diversify beyond Big Tech, explore value sectors, and capitalize on active stock picking for stronger portfolio growth.",2025-12-29 08:00:00,SeekingAlpha,https://finnhub.io/api/news?id=7eb64cc09b913dd587d56f7a8789d8072eca820d872faaff5123541475689f2e,GOOGL
"Mag 7 divide could widen in 2026 as Amazon, Meta, Apple lag year-to-date",CNBC's MacKenzie Sigalos reports on how the Magnificent 7 stocks could widen their divide in 2026.,2025-12-29 07:42:47,CNBC,https://finnhub.io/api/news?id=27d70ac5e33cfe551cf2b3e90a8dd30e0875f571be7c9b7c3fbf3b4631cc6ec0,GOOGL
"Tesla's Underpriced Chinese Rival Baidu In Focus As Uber, Lyft Team Up With Its Robotaxi Firm In UK: Key Score Rises",Baidu screens as a deep value play with a 94 score amid its Uber &amp; Lyft UK robotaxi deal. Read the latest BIDU stock analysis.,2025-12-29 07:26:02,Benzinga,https://finnhub.io/api/news?id=dadda57b8e912de32539dfbd838ff3b5999e4a8439f9e21082d66a1a1f6a5ce1,GOOGL
MAGY: Monetize Mag 7 Stocks With This Covered Call ETF,Discover MAGY ETF: gain high weekly income from top AI tech stocks with covered call strategy.,2025-12-29 06:06:53,SeekingAlpha,https://finnhub.io/api/news?id=7ed72b245a0717576cd7eeeb065448b4ea1e0b48fd8ff4c4c7d02c61581198ee,GOOGL
"Samsung to Bring Google Photos to Its TVs, Letting Users View Memories on the Big Screen","Samsung Electronics Co., Ltd. today announced that they are working to bring Google Photos to Samsung TVs to give users a seamless way to enjoy the moments that matter most, from trips and hobbies to everyday memoriesSamsung Electronics Co., Ltd.",2025-12-29 05:30:28,Benzinga,https://finnhub.io/api/news?id=acc54483ef1e81b37de368a0cb982d1eadf02b49571beee08efbb09a07fa0618,GOOGL
'Justice Department Using Fraud Law To Target Companies On DEI' - WSJ,https://www.wsj.com/politics/policy/trump-doj-dei-fraud-investigations-93213d52 ,2025-12-29 04:02:15,Benzinga,https://finnhub.io/api/news?id=28c19d06eea384cd89053bbe6318e87d9fd2f6c09b03b805180c6efd761da76f,GOOGL
Broadcom: TPUs And Tomahawks Make It A Top Trade For 2026,"Broadcom enters 2026 at an inflection point, with strong tailwinds from its ASIC and Networking segments. Read why AVGO stock is a Buy.",2025-12-29 03:17:34,SeekingAlpha,https://finnhub.io/api/news?id=9ffe97685c82a2bceac4b7773258bd33eab6614f69843456e2b8011c4a0d4062,GOOGL
Alphabet's Waymo Conducts Robotaxi Testing In London Ahead Of Next Year's Planned Expansion,Alphabet-backed Waymo&#39;s Robotaxi was recently spotted testing in London amid the service&#39;s global expansion goals.,2025-12-29 01:36:57,Benzinga,https://finnhub.io/api/news?id=1a9746e0559e013bbc2973a90b594265d841cd69ca6e35e74cf816c950672493,GOOGL
Tracking Philippe Laffont's ~$41B Coatue Management Portfolio - Q3 2025 Update,"Coatue Management's Q3 2025 13F portfolio rose to $40.79B, with 75 positions. Check out the stake increases, decreases, and new positions in the portfolio here.",2025-12-28 20:48:49,SeekingAlpha,https://finnhub.io/api/news?id=07c72a90a2364ae983513242dcf2e814048a59a8417c1927c413184299f896f9,GOOGL
"NUGT: A Good Supplement To GDX, But Not A Long-Term Holding","Explore NUGT ETF for leveraged gold miners exposure, understand value decay risks, and see why GDX suits long-term gains.",2025-12-28 11:17:17,SeekingAlpha,https://finnhub.io/api/news?id=f83090361b45bc65ae0445909f5ae64cd62bae592190c36c179cdbae19081f96,GOOGL
EXCLUSIVE: Warren Buffett Is 'The Ultimate Investor' – Market Expert Jay Woods Says Berkshire CEO 'The Stuff Of Legends',"Ahead of Warren Buffett&#39;s exit as Berkshire Hathaway CEO, market expert Jay Woods shares his memories of the legendary investor with Benzinga.",2025-12-28 10:31:11,Benzinga,https://finnhub.io/api/news?id=f6b6a1383fb10d473c0e5fc60fb72d1dd4db702ad21c2ceb224388575d2eba2f,GOOGL
"Market Outlook 2026: Technology, Precious Metals, And Commodities","Discover how AI is influencing tech stocks, commodities, and precious metals. Uncover investment risks and opportunities in todayâs evolving market.",2025-12-28 09:15:00,SeekingAlpha,https://finnhub.io/api/news?id=0746a9000ff47b7b89154074aa5902a841987727d89f41fbbedd34ca50d6db55,GOOGL
How My Seeking Alpha Stock Portfolio Crushed S&P 500,"My Seeking Alpha stock portfolio delivered 62.94% in the last year, outperforming the S&P 500 TR by ~3.8x. Read more about my portfolio here.",2025-12-28 03:25:59,SeekingAlpha,https://finnhub.io/api/news?id=f6df797f096d6d279b14e5861642ea53940eecc27cfb07bb5bdd8b3289e8798f,GOOGL
AI Bubble Risk In Our Cautious 2026 S&P 500 Outlook,,2025-12-27 12:17:21,SeekingAlpha,https://finnhub.io/api/news?id=093f0804c1fd6f270c65691c8d6272abdcf4583678fe079c3686fd2f22413466,GOOGL
Nvidia's Groq Megadeal; A $20B Inference Pivot To Stay King,"NVIDIA secures a $20B deal with Groq, boosting AI chip innovation and solidifying market dominance.",2025-12-27 10:00:00,SeekingAlpha,https://finnhub.io/api/news?id=48d8af28f817f48c956eb3aac900ab451a6d73df714510ecc834fda23f6e80a1,GOOGL
Bitcoin loses a key source of demand as spot ETF flows turn negative,"CNBC's MacKenzie Sigalos joins 'Halftime Report' to break down the warning signal from spot bitcoin ETFs, with five straight days of net outflows pulling a key source of demand as bitcoin heads into the new year under pressure.",2025-12-27 03:41:05,CNBC,https://finnhub.io/api/news?id=f50c73c2a2bc512174e245055954f1e4faf44e26b6271ed420c7afee410cde28,GOOGL
One year on from the UK's grand AI plan: Has its infrastructure buildout been a success?,"Hefty financial commitments from tech giants are positive signals, but big challenges remain for the U.K. to fulfil its ambitions.",2025-12-27 02:09:12,CNBC,https://finnhub.io/api/news?id=779bc61f617155dfe82edea3d0f8fe4aee8cffa7c0640dbaa122a4cc1c68022a,GOOGL
"California DMV Says Discussing With Autonomous Vehicle Manufacturers ""Broader Operational Plans, Including Actions Related To Emergency Response""; ""We Are Currently Developing Regulations That Require Manufacturers To Ensure Remote Drivers And Remote Assistants Meet High Standards For Safety, Accountability, And Responsiveness""; DMV Comments Follow Recent Stalling Of Robotaxis From Alphabet's Waymo At Various San Francisco Intersections During A Widespread Power Outage That Darkened Traffic Lights",- Reuters,2025-12-26 17:19:24,Benzinga,https://finnhub.io/api/news?id=6df69790942a36e5cc862ac028fc0058a259f629df6cc070f04e8743541d2606,GOOGL
2 Stocks I'd Happily Hold Through Any Stock Market Crash,"Alphabet and Amazon look poised to be long-term winners, and I'd be buying more shares in a market crash.",2025-12-26 16:35:00,Yahoo,https://finnhub.io/api/news?id=9207fa3725b7dd1e541ceb12927e4a7b18a0fba1c439a7294b9f8047fbc56ec3,GOOGL
2 Big Energy IPOs Flopped This Year. It Doesn’t Bode Well for 2026.,"Both face major challenges in 2026 that make a stock rebound far from certain.  The stocks’ wipeouts are particularly notable because both companies tapped into themes that seemed unstoppable.  Fermi has pledged to build the largest data center campus in the world, powered by natural gas, solar panels, batteries, and nuclear energy.",2025-12-26 16:11:00,Yahoo,https://finnhub.io/api/news?id=5a30fc310289cc5e0ca212a78348b2ddddeb5a476571abc6d192d2b8a008cf74,GOOGL
45% of Alphabet’s $3 Billion Hidden Portfolio Is in Just 2 White-Hot Stocks,Alphabet (NASDAQ:GOOG)(NASDAQ:GOOGL) dominates the search engine market with over 90% share and powers billions of daily queries through Google Search. Its Google Cloud division has gained market share from leaders Amazon (NASDAQ:AMZN) and Microsoft (NASDAQ:MSFT). A lesser-known aspect is Alphabet also directly invests in public companies through its venture arms GV and CapitalG. This portfolio ... 45% of Alphabet’s $3 Billion Hidden Portfolio Is in Just 2 White-Hot Stocks,2025-12-26 15:55:28,Yahoo,https://finnhub.io/api/news?id=74efb289ab5f4b819ccf621db750d60fa82cb10809c7c041b9383fe554133101,GOOGL
Alphabet Crushed Mag 7 Stocks This Year — Only To Be Crushed By These 8 Country ETFs,"Alphabet topped the Magnificent Seven in 2025 with a 66% gain, but eight global country ETFs delivered even bigger gains.",2025-12-26 15:26:50,Benzinga,https://finnhub.io/api/news?id=faa54d82c6098ff6d9b3f47f11d899540c589c19a20dfd7bd89374e2a6ab0d2d,GOOGL
"Stock Market Hits Record Highs On Nvidia, Google, GDP Data: Weekly Review","In a holiday-shortened market week, the S&P 500 and Dow Jones hit new highs, buoyed by Nvidia, Google and strong economic data.",2025-12-26 15:10:39,Yahoo,https://finnhub.io/api/news?id=d1a9d5f5e831c5b60b905aeb29b65ea476804380536fbf5c6dbcce1196c0e398,GOOGL
"Nvidia-Groq deal is structured to keep 'fiction of competition alive,' analyst says","Groq's description of its Nvidia deal as a ""non-exclusive licensing agreement"" mimics other recent big AI transactions orchestrated by U.S. tech giants.  ",2025-12-26 14:22:38,CNBC,https://finnhub.io/api/news?id=93943080dc8e667e2a121f77a522ea8b02c6af70eb1a5fa7f66a30a95ab1dc27,GOOGL
3 Cloud Computing Stocks to Buy Before 2026 as Digital Demand Soars,"AMZN, MSFT and GOOGL are gearing up for a potential 2026 cloud boom as AI-driven demand lifts cloud growth and spurs massive data center investment.",2025-12-26 13:38:00,Yahoo,https://finnhub.io/api/news?id=6b03b16901e59178c05cb6e90f2551c0f6ce95d493f889c69aad96e0f5eac342,GOOGL
What The 'Experts' Got Wrong In 2025,"Discover 2025 market trends, expert prediction misses, and the impact of AI titans on market returns. Click for my look ahead at where major averages are headed.",2025-12-26 13:19:19,SeekingAlpha,https://finnhub.io/api/news?id=903abc0e0219bd78f0e0323d1371423c18044271e5913b493920810666f6d019,GOOGL
Nvidia to License Groq Technology in $20 Billion AI Chip Deal,Move strengthens Nvidia's data center strategy amid global surge in AI infrastructure spending.,2025-12-26 12:39:39,Yahoo,https://finnhub.io/api/news?id=6150a9ca0d0cbb7c1e85b18258a8ac15dc83829689d2f1c246f3bd4a5ee969bd,GOOGL
Cloud AI Today - AI Trends Shaping Strategic Business Approaches For 2026,"Recent findings from a survey conducted by the Ramsey Theory Group highlight three pivotal trends in artificial intelligence (AI) that will define enterprise strategies in 2026. As AI moves from experimental phases to becoming a fundamental component of business operations, organizations are focusing on agentic AI systems with controlled autonomy, robust AI cost management, and dynamic governance models. These developments reflect a mature AI market where accountability, transparency, and...",2025-12-26 12:37:26,Yahoo,https://finnhub.io/api/news?id=4fabde3af9547f0ad7ce482f1f50a06213328428e3389f9a98e446b9074d81a1,GOOGL
Dow Jones Futures Fall After Christmas; Nvidia's Big AI Deal,"The Dow Jones set a record close and the S&P 500 hit an intraday high heading into the Christmas holiday. Palantir, Tesla, Google and Nvidia are in buy areas.",2025-12-26 12:34:23,Yahoo,https://finnhub.io/api/news?id=c50419653f40d04b8cbb7a7dd7f29a6e56c844c8671bdd9349829620af729abc,GOOGL
AI Bubble Fears Scaring You Off? Buy This Magnificent 7 Stock for Stability.,"Apple has long been seen as an AI laggard. However, the stock could fit into portfolios of investors worried about an AI bubble.",2025-12-26 12:30:02,Yahoo,https://finnhub.io/api/news?id=7a4f65a1a58c3c1f5fcef360f21a909b4b31e6c42f9815d75d128eb6d0efc0bc,GOOGL
Alphabet Under $330: Your Last Chance to Buy?,"Alphabet stock is down slightly from its November high. Here's why that's an opportunity, not a warning sign.",2025-12-26 12:01:00,Yahoo,https://finnhub.io/api/news?id=e8ae846d96547c91856b2afbdd2a081c42cdcfbef5909984d306a55abed11dd7,GOOGL
Why Nvidia Needs Groq To Win The War Against Google's TPUs,"Nvidia Corporation bought Groq for its advanced compiler tech, aiming to boost AI infrastructure and GPU efficiency. Click to read my analysis of NVDA stock.",2025-12-26 11:58:32,SeekingAlpha,https://finnhub.io/api/news?id=364f2cda2c19879afda22d8af20f97cb50acb10aef337b49b82fe1098ae352a4,GOOGL
Cantor Fitzgerald: Nvidia and Broadcom May Explode on Next-Gen AI Rollout,Analysts Recommend Building Positions in NVDA and AVGO Ahead of 2026,2025-12-26 11:44:44,Yahoo,https://finnhub.io/api/news?id=e11ef45d4ef230ccbc189a9f745731dc48e657a47d6048b0a430a8a1c8f757da,GOOGL
Prediction: This Stock Will Be the Biggest Quantum Computing Winner of 2026,Quantum computing stocks were volatile in 2025.,2025-12-26 10:50:00,Yahoo,https://finnhub.io/api/news?id=1c2c6ea7442f3a1c33d6604515e01888da1ab63c12604007b0af8869eae2cbfc,GOOGL
"Nvidia's Groq deal, S&P's winning week, leather tariffs and more in Morning Squawk",Here are five key things investors need to know to start the trading day.,2025-12-26 07:59:14,CNBC,https://finnhub.io/api/news?id=27f9d0f7fa5090d55f02eb6b04f661f5b4a553610d11856fa6f67fd5241acd8b,GOOGL
Wall Street Breakfast Podcast: Three Forces That Defined 2025,Consumer sentiment revised lower for December as year-ahead inflation expectation revised up a tick. Tech giants to spend billions more in CapEx as AI race heats up. 2026 S&P 500 Outlook.,2025-12-26 06:54:43,SeekingAlpha,https://finnhub.io/api/news?id=27e1aeb5c43382b85187de4989a9aebd6ad507bb72418c5bc47a27929e19cc9a,GOOGL
Alphabet's Waymo Pauses Service Again In San Francisco On Christmas Day Amid Flash Flood Warning: Report (UPDATED),Waymo reportedly paused its Robotaxi service in San Francisco due to flash flood warnings issued by the authorities.,2025-12-26 06:33:53,Benzinga,https://finnhub.io/api/news?id=a0246bad5fd30d144582723dc512966c1d26119a523b7a5436fb1e776bbced60,GOOGL
What Is the Smartest Quantum Computing Stock to Buy in 2026?,Quantum computing stocks are heading into 2026 with a lot of momentum.,2025-12-26 06:20:00,Yahoo,https://finnhub.io/api/news?id=c40b0c988feed8d71195ae4390a9f9439dd71674d1ba6c4ca55a1c8df13636ed,GOOGL
Rumble: A Post-Acquisition Look,,2025-12-26 06:17:21,SeekingAlpha,https://finnhub.io/api/news?id=2786466f82673942bc1bcae5c356f600d333ef0ee614baafcc1a7ae5d606e2a7,GOOGL
Google is rolling out a new feature allowing users to change their Gmail address ,Google says it is rolling out a feature that lets users change their Gmail addresses in a long-requested update to their email policy. ,2025-12-26 03:58:52,CNBC,https://finnhub.io/api/news?id=d50087169341e5f70379c643b183fc1455733ade659657448ace5314ec097ac3,GOOGL
Google Rolling Out Gmail Address Change Feature: Here Is How It Works,"Google is rolling out a new feature, initially in India, allowing users to change their @gmail.com addresses while keeping all account data intact.",2025-12-26 01:15:14,Benzinga,https://finnhub.io/api/news?id=1aa700fa02a38a1bc8f8d2fd754969a5de2ea26e17639665f2cb36af1511f0af,GOOGL
We asked 10 investors which single stock they'd gift this Christmas. One name kept coming up.,"In a twist on a traditional stock-picking exercise, we asked 10 market pros what's the top stock they'd gift this holiday season and why.",2025-12-25 18:30:01,Yahoo,https://finnhub.io/api/news?id=c408df3a0307bbcbb8b4fc066ed735ef281986b72eb9e7a5c7703f0176426065,GOOGL
Uber and Lyft Partner With Baidu (BIDU) to Launch Driverless Taxi Trials in the UK,"Baidu, Inc. (NASDAQ:BIDU) is one of the best rising tech stocks to buy now. A significant escalation in the global race toward autonomous mobility occurred on December 22, 2025, when Uber and Lyft announced partnerships with Baidu, Inc. (NASDAQ:BIDU) to launch driverless taxi trials in the UK in 2026. This partnership will see Baidu’s Apollo […]",2025-12-25 17:00:39,Yahoo,https://finnhub.io/api/news?id=c692ebe0f53fc26fed5a6105cbd5002460044e6949849e6dceeebb995290a14a,GOOGL
Waymo pauses robotaxis in SF again due to flash flood warnings on Christmas Day,"Waymo again paused it robotaxi service, citing a flash flood warning on Christmas Day.",2025-12-25 16:19:11,CNBC,https://finnhub.io/api/news?id=e1fc1b26757a6ccbdceebada900d1fc897e661f8d5694ba62373ef21387b08cd,GOOGL
Rothschild & Co LongRun Equity Fund’s Views on Alphabet (GOOG),"Rothschild & Co Wealth Management, an investment management company, released its LongRun Equity strategy third-quarter 2025 investor letter. A copy of the letter can be downloaded here. The firm is a committed long-term business owner, focused on a portfolio of high-quality companies. The strategy returned +3.9 % (in EUR, unhedged) in the third quarter, underperforming […]",2025-12-25 15:20:24,Yahoo,https://finnhub.io/api/news?id=190648c47b2d645283b908a66fede46112c60c474bd022243da27e9909e1a6c4,GOOGL
I Asked ChatGPT What Will Happen To the Stock Market If the AI Bubble Bursts,"While no one can predict the future, I asked ChatGPT to look more deeply into the history of stock market bubbles and what might happen if the AI bubble bursts.",2025-12-25 14:57:05,Yahoo,https://finnhub.io/api/news?id=014bc795a4d3fed999db93cf0df76fb1e738d90ec0c92d407911914e41744e72,GOOGL
2 Warren Buffett Stocks To Buy Hand Over Fist and 1 To Avoid,This may be your last chance to step into a name you know is 100% Buffett-approved. Just know that the Oracle of Omaha's approval alone still isn't a guarantee of success.,2025-12-25 14:56:00,Yahoo,https://finnhub.io/api/news?id=7b3db0e48eea81b0391627d4a7d00db03d8490e3629d23435e45e59f0af6ead5,GOOGL
Microsoft: The Real AI Winner Hiding In Plain Sight,"Microsoft remains a top investment pick with strong AI, cloud growth, and robust profitability. Click here to read my latest analysis of MSFT stock.",2025-12-25 13:30:00,SeekingAlpha,https://finnhub.io/api/news?id=6a182cc309fff6ded28c9f36852ee0b11a89e7af9fbb5f53e81aea1d83acfed7,GOOGL
Dan Ives Loves This Under-the-Radar AI Stock for 2026,"Wall Street likes Nebius’s AI scale story, but investors are paying upfront for growth that still needs to prove durable.",2025-12-25 12:30:02,Yahoo,https://finnhub.io/api/news?id=327f43b95d1feed1ca0070f876e8c42f6bd7ef339c46f21b077c135c2f0d43bf,GOOGL
"How a Silicon Valley dealmaker charmed Trump, giving Intel a lifeline",A meeting with the president this year helped Intel CEO Lip-Bu Tan provide needed U.S. buy-in for the chipmaker.,2025-12-25 11:03:13,Yahoo,https://finnhub.io/api/news?id=1240ebb2f462279a480adc526f2a4fb17c851addc7494adc4f8245f2f3c1d6a8,GOOGL
Santa Swaps Magnificent 7 For Russell 2000: Year-End Gift Investors Waited For,Investors swap the Magnificent 7 for small caps as the S&amp;P 600 nears highs. Read why the &#34;Endless Dove&#34; fuels this year-end market rotation.,2025-12-25 11:01:13,Benzinga,https://finnhub.io/api/news?id=072a93777b75b62e7e88fbff22df5af0977480be5a9e8d376043ee15b373b579,GOOGL
"Sick Of Mega-Cap Tech Dominance? This New Software ETF Bets On Profits, Not Just Size",The AOT Software Platform ETF (AOTS) is a software ETF that emphasizes profitability metrics over market cap.,2025-12-25 10:01:11,Benzinga,https://finnhub.io/api/news?id=7b8eef1aed2958e8b803dc700c3fbe6c576f6a8c35694a3d2db37a2287c94c36,GOOGL
"Nvidia Absorbs Another Rival for $20B, Boosting Decentralized AI","Nvidia pays $20B for Groq's AI chip assets, continuing its pattern of absorbing rivals and strengthening the case for decentralized alternatives.",2025-12-25 00:53:24,Yahoo,https://finnhub.io/api/news?id=cb3ae24a9de8cf0e557f8dd4dd48da5c728e394e97431ff7558d74c61da3d92e,GOOGL
EXCLUSIVE: Jay Woods Picks His Favorite And Least Favorite Magnificent 7 Stocks For 2026 – 'A Story To Watch',"The Magnificent Seven stocks continue to be among the most closely followed by investors, analysts and market experts. In an interview with Benzinga, Freedom Capital Markets Chief Market Strategist Jay Woods shares his favorite Magnificent 7 stocks heading into 2026 and which of the seven he's avoiding. Favorite Magnificent 7 Stocks During an interview with Benzinga in September 2025, Woods said to stick with what was working when it came to big tech stocks and the Magnificent 7 stocks heading i",2025-12-25 00:31:02,Yahoo,https://finnhub.io/api/news?id=1f2c26b1b784b1e3438a7cb4c53259047614efab7b8d8ba97749578e8d6b9393,GOOGL
This Dividend-Yielding Tech Stock Looks a ‘Compelling Buy’ for 2026 After 2 Years of Underperformance,"Microsoft is set to underperform markets for the second consecutive year. Dan Ives of Wedbush, meanwhile, sees it as a “compelling” buy and predicts nearly 30% upside next year.",2025-12-25 00:30:02,Yahoo,https://finnhub.io/api/news?id=933964a3dec9b53283db2c1f0c43f83679b22a0e1028a1119b68ee0a767cae77,GOOGL
"Dow Jones, S&P 500 Hit Record Highs Heading Into Christmas Holiday","The Dow Jones set a record close and the S&P 500 hit an intraday high heading into the Christmas holiday. Palantir, Tesla, Google and Nvidia are in buy areas.",2025-12-24 23:02:48,Yahoo,https://finnhub.io/api/news?id=66ecc9742cf05e6680d0bb5e9ccc408c7e8ffded098053b175917625287049b2,GOOGL
"Nvidia Licenses Groq's AI Chip Tech, Grabs Top Execs, But Not A Takeover","Nvidia will license key technology from AI chip startup Groq, hiring top personnel. But it's not a full takeover, as previously reported.",2025-12-24 23:00:31,Yahoo,https://finnhub.io/api/news?id=80bcc13407a0a3be8ac0274e42d3a68e77b54f9b0cea58321aa0049b8d9d8d3d,GOOGL
"Nvidia to acquire Groq for $20 billion in its largest deal ever, CNBC reports","Investing.com -- NVIDIA (NASDAQ:NVDA) has agreed to acquire Groq, a designer of high-performance artificial intelligence accelerator chips, in a $20 billion all-cash deal, CNBC reports. The report, which is citing Alex Davis, chief executive of Disruptive and a long-time backer of the startup, noted that the transaction came together quickly, just months after Groq raised $750 million at a valuation of about $6.9 billion. Disruptive has invested more than $500 million in the company since its fo",2025-12-24 21:49:27,Yahoo,https://finnhub.io/api/news?id=b1c2f0dd46e8e647b488d5816e9eec137e187ae948c40eb9719fd618715a93da,GOOGL
"Elon Musk Backs Demis Hassabis In Dispute With Meta's Yann LeCun Over 'General Intelligence,' Says Google DeepMind CEO Is 'Right'","On Monday, Tesla Inc. (NASDAQ:TSLA) CEO Elon Musk weighed in on an AI debate, siding with Alphabet Inc.'s (NASDAQ:GOOG) (NASDAQ:GOOGL) Google DeepMind CEO Demis Hassabis after Meta Platforms, Inc.'s (NASDAQ:META) outgoing AI chief Yann LeCun dismissed the idea of ""general intelligence"" as an illusion. Musk Weighs In On AGI Debate Musk amplified Hassabis' rebuttal to LeCun in a post on X, writing simply, ""Demis is right,"" throwing his support behind the DeepMind chief in a widening public dispute",2025-12-24 21:31:12,Yahoo,https://finnhub.io/api/news?id=8d69800495b1ff4cd9bbac970de3754dd10df94914aa6ac29f694c85bf816ca7,GOOGL
Stock Market Predictions For 2026? Worthless. This Approach? Priceless.,"Rather than make stock market predictions, apply this routine to Nvidia and any stocks of interest to stay profitable and protected.",2025-12-24 21:26:10,Yahoo,https://finnhub.io/api/news?id=3958716de05a04109dbf3a4f70733927aafbdbbc1050b52eb0edb30119e39f0d,GOOGL
"Nvidia, joining Big Tech deal spree, to license Groq technology, hire executives","Nvidia has agreed to license chip technology from startup Groq and hire away its CEO, a veteran of Alphabet's Google, Groq said in a blog post on Wednesday.  The deal follows a familiar pattern ​in recent years where the world's biggest technology firms pay large sums in deals with promising startups to take their ‌technology and talent but stop short of formally acquiring the target.  Groq specializes in what is known as inference, where artificial intelligence models that have already been trained respond ‌to requests from users.",2025-12-24 21:06:34,Yahoo,https://finnhub.io/api/news?id=31d21b80e2b360b6c28a4714a982a771507dfa8cb3218ff7f4b279fa81852ce7,GOOGL
"An AI bubble may be here, but the bubble is bigger for 'fad trades'","While artificial intelligence dominated market themes in 2025, all Wall Street can talk about now is whether the market (^DJI, ^IXIC, ^GSPC) is already in or about to enter an AI bubble. Annandale Capital founder and chairman George Seay and CFRA Research chief investment strategist Sam Stovall share their thoughts on whether an AI bubble is forming or already here, and the areas displaying the most exuberance. Also catch Sam Stovall discuss Wall Street's Santa Claus rally optimism and George Seay's comments on small-cap stocks in 2026. To watch more expert insights and analysis on the latest market action, check out more Opening Bid.",2025-12-24 19:00:00,Yahoo,https://finnhub.io/api/news?id=523adb63b9434d2e68fa5d594fbed24d2332011b7ce6bbbda931ed9654680c49,GOOGL
A Google-Backed Software Company Could Join Next Year's AI-Powered IPO Rush,Next year is shaping up to be a busy one for IPOs. Add Motive Technologies to the list.,2025-12-24 18:43:11,Yahoo,https://finnhub.io/api/news?id=f9a511705362ef082878a5b3973c84de75db40f64a9e0fb1b8b17af06e23867f,GOOGL
The AI Revolution: 3 Major Hurdles That Need To Be Overcome In 2026,Discover how the AI revolution is driving equity gains and economic growth. Learn what's needed for this trend to continue into 2026. Click for more.,2025-12-24 18:03:50,SeekingAlpha,https://finnhub.io/api/news?id=181ffb797b546ffcc8b876be03edb5bd3f78326a8b76fed78847286314460086,GOOGL
This Is 1 of the Best AI Stocks to Hold for the Next 10 Years,Investors can no longer avoid at least looking at potential ways to gain exposure to artificial intelligence.,2025-12-24 17:50:00,Yahoo,https://finnhub.io/api/news?id=741ad7754c3906a4b403a0eeefed5a7be808f1891ad4239916fe838f9d259981,GOOGL
Waymo Plans Fleetwide Software Update After San Francisco Power Outage,Alphabet's self-driving unit says vehicles will better navigate outages after Dec. 20 blackout disrupted traffic city-wide.,2025-12-24 17:35:49,Yahoo,https://finnhub.io/api/news?id=51f37e299c19fad9258198be947955aea5227985a22f4631ad3eacbae7099df5,GOOGL
"S&P 493 likely to see 'outsized returns' in 2026, outside Mag 7","While the S&P 500 (^GSPC) was largely driven by the Magnificent Seven tech stocks in 2025, how did the rest of the S&P 493 perform and what should Wall Street expect in 2026? Rainwater Equity founder and portfolio manager Joseph Shaposhnik comes on Market Domination to discuss his outlook on the so-called Magnificent 493 and how AI has impacted their growth. The US stock market will close early at 1:00 P.M. today (Christmas Eve) and will be closed all day Thursday for the Christmas holiday. To watch more expert insights and analysis on the latest market action, check out more Market Domination.",2025-12-24 17:28:14,Yahoo,https://finnhub.io/api/news?id=d272c596d52161f4765e18c7eb2453650b0869a7a8ad054577895c4b9e58a8fe,GOOGL
Sector Update: Tech Stocks Advance Wednesday Afternoon,"Tech stocks were higher in Wednesday early afternoon trading, with the State Street Technology Selec",2025-12-24 17:18:26,Yahoo,https://finnhub.io/api/news?id=94082cf1132504048e4ba9a31cce47e07fb88f3968d79c25a45d27da376876c5,GOOGL
Dan Ives Is Betting That Apple and Google Will Partner in 2026. Should You Buy AAPL Stock First?,"Here’s why AAPL stock probably won’t get a big lift from a potential, formal alliance with GOOG.",2025-12-24 17:09:55,Yahoo,https://finnhub.io/api/news?id=d1a64aa6f04ffb5753ef66c8981a6d61219561ec73c92d4fdc1391bf63611e57,GOOGL
Waymo to Update Software After San Francisco Power Outage,Company says fleet-wide changes will improve response during large-scale disruptions,2025-12-24 16:31:53,Yahoo,https://finnhub.io/api/news?id=0c575d6cf75567c5bc08058bc66ccff649e84045db63a8f7043d46bed306d78b,GOOGL
Alphabet-Backed Motive Technologies Files for IPO,"Fleet management platform Motive Technologies, which is backed by companies including Alphabet (GOOG",2025-12-24 16:06:27,Yahoo,https://finnhub.io/api/news?id=ded5d44c5ec8d67b632cd4bff64fbb537a6deac3a4ab4b8190b7cae47ce6fd53,GOOGL
Quantum computing is the stock market’s next big tech play — and these stocks are still cheap,Quantum stocks are where AI was five years ago — and the science actually works.,2025-12-24 16:03:00,Yahoo,https://finnhub.io/api/news?id=0a97af120796d6877bc1df84afa53520e71c22ef0102fa5d3d9421d646059962,GOOGL
Exclusive: Nvidia buying AI chip startup Groq's assets for about $20 billion in its largest deal on record,"Nvidia is making its largest purchase ever, acquiring assets from nine-year-old chip startup Groq for about $20 billion.  ",2025-12-24 15:54:16,CNBC,https://finnhub.io/api/news?id=9f7c033281022fa583fa7647094347a38bfc501a6b30be9594982ea19b3ebb2d,GOOGL
"Powerball Jackpot: $1.7 Billion Could Buy 131,645 Ounces of Gold, 3.15 Million Nvidia Shares And More — 10 After‑Tax Spending Ideas","The Powerball drawing set for Wednesday, Dec. 24, is currently the fourth-largest U.S.",2025-12-24 13:20:23,Benzinga,https://finnhub.io/api/news?id=7a55eb767fcfdca4173c92757a01092885e0585b01588cc6fdaf69892feb10ca,GOOGL
"The Year Precious Metals Crushed Nvidia, Alphabet And Broadcom On The Charts","Precious metals such as gold, silver and platinum have sharply outperformed some of the most celebrated AI tech stocks on Wall Street.",2025-12-24 11:33:20,Benzinga,https://finnhub.io/api/news?id=806f24639dc0f4e8718c6c637fe1f6013d1fa91b2084e4ae14102b237a811037,GOOGL
5 Quiet Signals That Lurk In The 2026 Market Outlook,"Discover 2026 S&P 500 insights, sector opportunities, emerging risks, and expert forecasts.",2025-12-24 09:00:00,SeekingAlpha,https://finnhub.io/api/news?id=72aad6cf836d46838fadc5d06aa57ecc0ab5a828c0e8f20894cbf87903c7d588,GOOGL
These 5 infrastructure stocks have more than tripled this year on the AI trade,"While Nvidia has been the biggest infrastructure winner during the AI boom, other data center stocks have performed better this year. ",2025-12-24 08:00:01,CNBC,https://finnhub.io/api/news?id=f078c0617bb1395b0d2413ecc6f9c4c7d8c536189668d8cd7ea2fe34c7de512d,GOOGL
Free streaming service Tubi is rivaling major players for viewership. Here's how it's winning ,Fox's Tubi outpaced Peacock and HBO Max for share of streaming minutes in Nielsen's November Gauge report.,2025-12-24 08:00:01,CNBC,https://finnhub.io/api/news?id=531e1041f85670d21dd1421761ba9acf81a493d7cb571925d456eca92c98d10b,GOOGL
"Economy grows, chip tariff delay, new S&P 500 record and more in Morning Squawk",Here are five key things investors need to know to start the trading day.,2025-12-24 07:42:27,CNBC,https://finnhub.io/api/news?id=cd0663d8bf9defd42435da2e5b721bdc3e4843e42ac6ebdccfb81d90d0cef103,GOOGL
Move Over Mag 7: Ed Yardeni Says AI Will Now Benefit The 'Impressive 493' Among S&P 500,Ed Yardeni says it&#39;s time to rotate from the Mag 7 to the &#34;Impressive 493.&#34; Discover why he sees AI boosting the rest of the S&amp;P 500.,2025-12-24 07:13:36,Benzinga,https://finnhub.io/api/news?id=23573a03b87d6503022d28798b5e4b0ced343c157c2a21b244b371d642506947,GOOGL
"Amazon, Meta, SpaceX, OpenAI And Trillion-Dollar IPOs Lead Futurum CEO Daniel Newman's Top 2026 Tech Predictions","Daniel Newman, CEO at Futurum Research, and strategist Shay Boloor shared their top seven stock market predictions for 2026 on Tuesday.",2025-12-24 07:09:49,Benzinga,https://finnhub.io/api/news?id=ca6b02dee60743c981cc97ee9fc4ccbbed3be4c6a8465387bb9347b608a2582c,GOOGL
Amazon faces 'leader's dilemma' — fight AI shopping bots or join them,Agents like OpenAI's Instant Checkout and Perplexity's Instant Buy threaten to reshape the e-commerce landscape.,2025-12-24 07:00:02,CNBC,https://finnhub.io/api/news?id=abbc56bfce5572f5e1fcec4a6d5239e917b3f47ef68beac6fe291ab4ab59112f,GOOGL
Alphabet-Backed Waymo Issues Software Update For Fleet Following PG&E San Francisco Outage,Alphabet-backed Waymo says it will be implementing fleet-wide updates following a power outage in San Francisco.,2025-12-24 06:52:45,Benzinga,https://finnhub.io/api/news?id=03e6e02854ba7d9b1790d14e8114f3d1adabfcf350a0ac900e1456665f5349d0,GOOGL
AST SpaceMobile Sends Its Biggest Satellite Ever To Orbit,AST SpaceMobile&#39;s BlueBird 6 satellite successfully deployed largest commercial communications array in low Earth orbit.,2025-12-24 06:32:18,Benzinga,https://finnhub.io/api/news?id=9beea2af34d10f2e01efc2d628ee455b59d342825ace760da53af40cbfc4b2f8,GOOGL
Wall Street Breakfast Podcast: BP Cashes In On Castrol,"BP to sell 65% stake in Castrol to Stonepeak. UiPath, Versant Media to join S&P MidCap 400 and SmallCap 600. Waymo plans to update software across fleet after San Francisco power outage.",2025-12-24 06:05:19,SeekingAlpha,https://finnhub.io/api/news?id=0b92c861387cc6f17b2c8a84a026274e7a8bc29eb74330444facd21569bd1827,GOOGL
Alibaba: Consumer Slowdown Weighs On Cloud Intelligence,"Alibaba Group is facing slowing Chinese consumption, e-commerce deceleration, and margin pressures. Read why I rate BABA stock a Hold for now.",2025-12-24 04:42:58,SeekingAlpha,https://finnhub.io/api/news?id=d735fd56da7a2499b24749d0fa2134dccfc2b60009eab9d8cb9d37dc703beb9b,GOOGL
Elon Musk Says Former AI Head Andrej Karpathy's Understanding Of Company Software Is 'Dated:' Says TSLA's Intelligence Density 'Better' Than Rivals,"Elon Musk says ex-Tesla AI lead&#39;s understanding of company&#39;s AI is dated, touts company&#39;s software being better than rivals.",2025-12-24 04:14:20,Benzinga,https://finnhub.io/api/news?id=aa0b4b416b15332872b11e1d704491e25b98fa8a2355be08279609821c4c3fba,GOOGL
The AI Bubble Is A Myth: Why I'm Concentrating Into Networking And Cooling,"AI stock valuations in public markets are largely reasonable, with bubble concerns overstated versus S&P 500 multiples and underlying growth rates.",2025-12-24 01:03:54,SeekingAlpha,https://finnhub.io/api/news?id=b2bb96b398bd93cff491424a346705518ad5c6be7431c69d908f28c83661b86c,GOOGL
Apple spent 2025 setting itself up for the future — and its biggest moves weren't about AI,Apple's 2025 helped set up its future.,2025-12-23 21:15:25,Yahoo,https://finnhub.io/api/news?id=e554b1aefa1acfa8c3a6f68bda89f3e3f44fe5bd6ffbfbc4302e4d139cdacfc4,GOOGL
Stock Market Today: S&P 500 Eyes Record High; Analyst Names Reddit 2026 Top Pick (Live Coverage),Stock Market Today: The Dow Jones index rises Tuesday on surprise Q3 GDP data. Novo stock soared on FDA approval for a weight loss pill.,2025-12-23 20:59:29,Yahoo,https://finnhub.io/api/news?id=a827ed3eb58cc1a1e7e6e501a8913051dbc5b9280cc6dd0a1f066be89523bb56,GOOGL
Which Tech Titan Will Win the Quantum Race (and Net You 100% Returns)?,The quantum computing boom should follow the AI boom in a few years and produce substantial gains.,2025-12-23 20:43:00,Yahoo,https://finnhub.io/api/news?id=b7dbef0ea6717895c081505992383bd37313a2935677b881a7ec11fe7ccde20d,GOOGL
Mergers and Acquisitions Soared This Year. 2026 Could Be Even Bigger.,"Mergers and acquisitions rose this year — and they can keep rising.  Total M&A dollars so far this year rose to $4.39 trillion, according to data from London Stock Exchange Group.  The increase in aggregate deal value is driven by larger deals, with the number of deals fairly stable.",2025-12-23 19:13:00,Yahoo,https://finnhub.io/api/news?id=8727f121ab286d2f2b06ffbc857ea892a9bcd475dc67e4708803c2c5cdb48e46,GOOGL
Will Google Pass Nvidia in 2026 as the World’s Biggest Company?,"The stock market is quickly waking up to the fact that Alphabet (NASDAQ:GOOG, NASDAQ:GOOGL) is the leading AI software company today. It has overtaken Microsoft (NASDAQ:MSFT) and is less than $200 billion away from overtaking Apple (NASDAQ:AAPL) as the world’s second-largest company. Overtaking the AI hardware leader, Nvidia (NASDAQ:NVDA) will take a bit more work, ... Will Google Pass Nvidia in 2026 as the World’s Biggest Company?",2025-12-23 18:25:27,Yahoo,https://finnhub.io/api/news?id=c0e560ef35d186d364f1edaaa30bfc6babb2c2b807b82f6f7e92eba7fb2f78cf,GOOGL
Marissa Mayer’s New Startup Dazzle AI Raises $8 Million Seed Round,"PALO ALTO, Calif., December 23, 2025--Dazzle AI, a new company founded by entrepreneur, executive, and technologist Marissa Mayer, today announced it has raised $8 million in seed funding at a $35 million post-money valuation. The round was led by Kirsten Green of Forerunner with participation from Kleiner Perkins, Greycroft, Offline Ventures, Slow Ventures, and Bling Capital.",2025-12-23 18:20:00,Yahoo,https://finnhub.io/api/news?id=789f57c2c97c976a47addeb14c795a3f1107726b7a5993d6ea776861a7fc21e9,GOOGL
There Is No Streaming War,"Streaming and media expertÂ Dan RayburnÂ shares why investors should focus on actual deals, not speculation.",2025-12-23 18:10:00,SeekingAlpha,https://finnhub.io/api/news?id=ade4a73724de460556f39f8412276d86d5f7a0858790eaefff3c8c403040031c,GOOGL
A Selective Santa Rally? ETFs May Reveal Where Conviction Still Exists in 2025,"As the Santa Rally window opens, ETFs show mixed signals amid AI valuation concerns, Fed caution and seasonal tailwinds, as 2025 ends.",2025-12-23 17:44:01,Benzinga,https://finnhub.io/api/news?id=b5409d1ab1feeedb357034aebee96acc33a4eef5e0cfb171e63c83727abb00f7,GOOGL
My Market Outlook For 2026: AI Takes A Breather While The Consumer Comes Roaring Back,Discover why the S&P 500 may remain flat through 2026 and find investment tips on reallocating from tech stocks to undervalued consumer sectors. Click for more.,2025-12-23 17:35:19,SeekingAlpha,https://finnhub.io/api/news?id=e59051ea11c96a0d737b3d864f9057b53c8e038b85df5d6b8da6d985271867fe,GOOGL
Alphabet Agrees to Buy Intersect Power in $4.75 Billion Clean Energy Deal,Google moves to secure electricity for AI data centers by acquiring renewable energy developer Intersect Power.,2025-12-23 17:07:51,Yahoo,https://finnhub.io/api/news?id=e4044de1b395228631464b3bbcdc0541d2ad8d61a90605dadd7c1eb827054308,GOOGL
"Is Palo Alto Networks Stock a Buy, Sell, or Hold Following Its Major Multibillion-Dollar Google Deal?",Palo Alto Networks is a large-cap tech stock that continues to grow revenue and earnings steadily. Is PANW stock still a good buy?,2025-12-23 16:18:02,Yahoo,https://finnhub.io/api/news?id=bf5c3d35c0eae1dceba05ddc79b75de08213c5203898da46b1d6b03c65f526c2,GOOGL
Reddit Stock Named Top 2026 Pick For This Key Advantage,Reddit stock seen benefiting from a fast-growing ad business and its ability to license content for AI.,2025-12-23 16:12:17,Yahoo,https://finnhub.io/api/news?id=9fa82fae196813d9c106091cad21ba648a21a6a1c662ae7600f50bd2283ad13b,GOOGL
Will 2026 Be The Year Apple Finally Joins The AI Race?,Apple stock analysts are confident that the iPhone maker will finally enter the AI era in early 2026.,2025-12-23 15:56:07,Yahoo,https://finnhub.io/api/news?id=ecb96bcaf9b2446c9f52387b2bdcfb033dd5606a0fab3d03dfc9a2f7b277d112,GOOGL
Ray Dalio’s Top Holdings Revealed: Two ETFs and Two Tech Titans,"Ray Dalio’s Bridgewater Associates is one of the top hedge funds today. It has over $100 billion in assets, and the fund has made solid moves despite market uncertainties. Following the steps of billionaires can help you build a portfolio that stands the test of time. However, due diligence is very important. Bridgewater Associates has ... Ray Dalio’s Top Holdings Revealed: Two ETFs and Two Tech Titans",2025-12-23 15:52:02,Yahoo,https://finnhub.io/api/news?id=e393fcad3681be9ebbecc3a5e756e226c37310c6eca4fc0796cbc3586fb42860,GOOGL
3 Self-Driving Tech Stocks to Ride into 2026 as AV Race Heats Up,"BIDU, GOOGL and UBER are steering into 2026 with bold AV bets as the race to scale robotaxis globally intensifies.",2025-12-23 15:41:00,Yahoo,https://finnhub.io/api/news?id=de6688a93e3727a21d8eea790c8ec7ad645a5d8f2f12fae471b25418fbf78b1c,GOOGL
Reddit Stock Has Been Stuck Since August. This Firm Just Made It a Top Pick for 2026.,"Reddit  stock has stagnated to close out 2025, but that won’t last for long, say analysts at Needham & Company.  The firm named Reddit its top stock pick for 2026 in a research note Tuesday, reiterating a Buy rating and a $300 price target.  The social media platform has sky-high revenue growth, and its endless trove of forums is a gold mine for artificial-intelligence developers, Needham argued.",2025-12-23 15:40:00,Yahoo,https://finnhub.io/api/news?id=f0d2bc168c2115649366b2e8537415c83cf09117ae7563dacb214ab1dc83a958,GOOGL
An X-Ray View of the Magnificent Seven,"Valuation, growth, balance sheets and analyst sentiment suggest leadership fatigue -- but not collapse",2025-12-23 15:38:24,Yahoo,https://finnhub.io/api/news?id=a18b48f1415e3610768074904635ad273df2ef25312fe3fafb3cfba680e86ebc,GOOGL
How AI-Linked Power Deals And Dividend Plans At NextEra Energy (NEE) Have Changed Its Investment Story,"In recent weeks, NextEra Energy highlighted long-term growth ambitions at its investor events, including plans to add 15 GW of new data center-focused generation by 2035, expand US natural gas capacity via its Symmetry Energy Solutions acquisition, and support AI-driven power demand through large-scale projects for partners such as Google and Meta Platforms. Management also reiterated long-term adjusted EPS growth targets of at least 8% through 2035 and confirmed dividend growth plans...",2025-12-23 15:12:20,Yahoo,https://finnhub.io/api/news?id=f75da9dd651ba4af619ab7b82634d54e7ab8382222dfe2f11395dde4ddb0fa49,GOOGL
Google started the year behind in the AI race. It ended 2025 on top.,Google's AI bounced back in a big way in 2025.,2025-12-23 15:03:52,Yahoo,https://finnhub.io/api/news?id=e3faffbdc1c1c997099b814462552a8a83c53cae46ee34322018f6ca1e693bf1,GOOGL
Google Cloud chief reveals the long game: a decade of silicon and the energy battle behind the AI boom,"""We've worked on TPUs since 2014 ... a long time before AI was fashionable,"" Thomas Kurian said at the Fortune Brainstorm AI conference.",2025-12-23 14:05:00,Yahoo,https://finnhub.io/api/news?id=36bb0500c19bc8d3f8c5d53a06eef251bcc9ee16edd0e032a52a3ad3f0a752a6,GOOGL
ServiceNow to buy Armis for $7.75 billion as AI-fueled cyber risks surge,"ServiceNow on Tuesday agreed to buy cybersecurity startup Armis for $7.75 billion, in the ​enterprise software maker's biggest-ever deal, as it bolsters its services ‌to help counter rising cyberattacks driven by AI adoption.  Through the deal, the company aims to ‌integrate Alphabet-backed Armis' security features such as device scanning and threat detection, a crucial advantage amid sophisticated cyberattacks that have hit companies ranging from Microsoft to UnitedHealth Group.  However, ServiceNow's shares fell about 3%, as investors worried over the ⁠company's recent splurge on ‌acquisitions.",2025-12-23 14:04:30,Yahoo,https://finnhub.io/api/news?id=6a407684c34dcf8538321f8dd46a32e9e7d408fef997a0c2f7fa3fe796b3640f,GOOGL
Here's Why This Analyst Chose Reddit As 2026 Top Pick,Reddit (NYSE: RDDT) is leveraging its vast collection of human conversations amid rising demand for AI training data.,2025-12-23 13:59:59,Benzinga,https://finnhub.io/api/news?id=aca2e871d145b6532e1565fdf8d86c46977a747083c37c45d4451b97562507c2,GOOGL
Here’s What Led Alphabet’s (GOOGL) Strong Performance,"Qualivian Investment Partners, an investment partnership focused on long-only public equities, released its Q3 2025 investor letter. A copy of the letter can be downloaded here. The fund outperformed the iShares MSCI USA Quality Factor ETF (QUAL) by 69.2% and 61.3% on a gross and net basis, since inception through September 30, 2025. It also […]",2025-12-23 13:48:03,Yahoo,https://finnhub.io/api/news?id=7749bc077557db77d7df8401871c9ab3180e4528c00ef10cd0a8db18bb8ad486,GOOGL
RGAIA: The Rise of Alphabet (GOOG) as an AI Stock,"RGA Investment Advisors, an investment management company, has released its third-quarter 2025 investor letter. A copy of the letter can be downloaded here. In the third quarter, the market extended its recovery from the crash following Liberation Day. However, the market has been dominated by a handful of mega-cap stocks. The letter discussed the stock […]",2025-12-23 13:39:08,Yahoo,https://finnhub.io/api/news?id=71e213db9033d50bf6d970f5bec3b9786b03463a6f720aee20a933ff54088603,GOOGL
All I Want For Christmas Is... Power: Alphabet's AI Energy Strategy,Discover how Alphabet Inc.âs $4.75B energy move powers its AI & cloud growth. Learn why GOOG stock is doing the right things but the stock is fairly valued.,2025-12-23 11:23:11,SeekingAlpha,https://finnhub.io/api/news?id=83d8b507051e583254059982e337a5c081c9ae13b17ddb94693c3251e6902423,GOOGL
"Reported Monday: New York Times Writers File Lawsuit Against Google, Meta, OpenAI, Anthropic Over Alleged Copyright Infringement",https://fingfx.thomsonreuters.com/gfx/legaldocs/zdvxjkawlvx/AUTHORS%20AI%20COPYRIGHT%20LAWSUIT%20complaint.pdf,2025-12-23 09:02:25,Benzinga,https://finnhub.io/api/news?id=6e21217854bc120e3ee9d6b833c54b98e6f6f508440805a271ec158a6bbcca01,GOOGL
Adobe: 2025 Was A Setup,"Discover why Adobe Inc. is a standout buy: strong AI-driven growth, robust margins, and attractive valuation compared to peers. Click for more on ADBE stock.",2025-12-23 08:50:10,SeekingAlpha,https://finnhub.io/api/news?id=952ac81804c3a4a7f79210ca5060ef3e2acabcaefc70b40ad5f85bb55de524af,GOOGL
2026 Market Outlook: An Underappreciated Policy Shift Could Favor The S&P 493,Discover why non-tech sectors like industrials and healthcare may lead S&P 500 growth into 2026.,2025-12-23 08:30:00,SeekingAlpha,https://finnhub.io/api/news?id=00a70efc1f17b96c9a45f998734647d2e553e8168f0da578755fbc33dd6ecfd5,GOOGL
"Novo Nordisk's new obesity pill, Alphabet's data center deal, the end of EV euphoria and more in Morning Squawk",Here are five key things investors need to know to start the trading day.,2025-12-23 07:46:45,CNBC,https://finnhub.io/api/news?id=f25803376fb1e6e6fed3a1ee72221cef78af26ace7d030a8a2950b3cfcf6ffe7,GOOGL
"JEPI Does The Job, But I Like GPIQ Better",JEPI offers reliable monthly income and lower volatility but has underperformed peers and the S&P 500. Read more about alternatives to this popular ETF.,2025-12-23 07:05:00,SeekingAlpha,https://finnhub.io/api/news?id=109f5350da8b31caec2036bcb65f52b51a9799cd5dd524b3a10842f757cdd25a,GOOGL
Former Met chief demands Apple and Google disable stolen phones,A former Metropolitan Police chief has backed plans aimed at forcing Apple and Google to disable stolen smartphones.,2025-12-23 07:00:00,Yahoo,https://finnhub.io/api/news?id=3d7d5452794d27c541258aa8db737f490fe2373f922d0c1e41fa41a01bb8fd0d,GOOGL
H-1B visa applicants face more disruptions amid social media checks and wage protection rules,The U.S. administration has lined up a slew of actions to restrict the use of H-1B visas by businesses.  ,2025-12-23 05:41:20,CNBC,https://finnhub.io/api/news?id=b0892cdc62a7254d712b491f0a6a3b8c72947abb2cbd5be31b530d38d3d40906,GOOGL
Texas Pacific Land (TPL) Signs Data Center Deal with Bolt Data & Energy,"The share price of Texas Pacific Land Corporation (NYSE:TPL) surged by 7.18% between December 12 and December 19, 2025, putting it among the Energy Stocks that Gained the Most This Week. Texas Pacific Land Corporation (NYSE:TPL) owns and manages about 868,000 acres in the Permian Basin. The company generates revenues along the entire value chain […]",2025-12-23 05:29:35,Yahoo,https://finnhub.io/api/news?id=1ae7e2a25229ace84463b7e4d876158b9e02462a2a81861367c7e64f08842af3,GOOGL
Jim Cramer on Costco: “We Did Not Like the Way the Conference Call Went When They Reported Last”,"Costco Wholesale Corporation (NASDAQ:COST) is one of the stocks Jim Cramer answered questions about. A caller asked if their portfolio is diversified enough, with their top five holdings being AMZN, COST, ETN, PANW, and HD. Here’s what Mad Money’s host had to say: “This is like our previous caller. A lot of these people are […]",2025-12-23 05:16:11,Yahoo,https://finnhub.io/api/news?id=0ba880cb19c731805e200e98aa958a8fd7b02cf1dc85d19fe5e691d7d0b2c7f7,GOOGL
Jim Cramer Highlights Alphabet’s Diverse Portfolio,"Alphabet Inc. (NASDAQ:GOOGL) is one of the stocks Jim Cramer answered questions about. Starting the round of “Am I Diversified?”, a caller mentioned that their top five portfolio holdings are JPM, GOOGL, BA, PG, and AVGO. Cramer commented: “Let’s go to work in a year of practical investing, it’s upcoming…. Okay, so Broadcom, we know […]",2025-12-23 05:16:10,Yahoo,https://finnhub.io/api/news?id=e8dc6863194051c2d1ec1ead35e0b9647778a10e58cb463dd08a8d49cde93ac5,GOOGL
Tesla's Austin Robotaxi Project Is Smaller Than Elon Musk's Claims: Report,Tesla&#39;s Robotaxi operations in Austin may not be as large as CEO Elon Musk has claimed amid driverless testing.,2025-12-23 04:20:04,Benzinga,https://finnhub.io/api/news?id=21e6c0bae55dc87e812ed7af2d613ddfaa607b04ba4c97fa1999d87788260953,GOOGL
1 Stock I'd Buy Before Tesla in 2026,Investors have high hopes that Tesla will monetize its robotaxi and robotics initiatives.,2025-12-23 03:30:00,Yahoo,https://finnhub.io/api/news?id=0c10b6cb70fc24cf6f4eaf196c8818a5bd767a449068efaf5d1e8a27d0191fc0,GOOGL
"This Nuclear Stock Could Turn $1,000 Into $100,000",Oklo stock has gained more than 700% since its IPO.,2025-12-23 03:25:00,Yahoo,https://finnhub.io/api/news?id=5cd9c5d3734b84bc08fde9455c573e43f183be3d7d7b8bf6f27b37350fcb5666,GOOGL
"1 No-Brainer Artificial Intelligence (AI) Stock to Buy With $1,000 in December and Hold for the Long Term",This might be the best AI stock you can buy.,2025-12-23 01:20:00,Yahoo,https://finnhub.io/api/news?id=31570d6f65c6b10ab128d6cd6ad467e335c8a00e5eb3c3c47576731bae647565,GOOGL
Best Stock to Buy Right Now: Apple vs. Alphabet,"Amid the advent of artificial intelligence, these tech behemoths are thriving.",2025-12-23 00:50:00,Yahoo,https://finnhub.io/api/news?id=4bfa8cb20cef747e22beec57cb90dd540db0615e7feaf04dade1bdff61909eef,GOOGL
Prediction: 2 Artificial Intelligence Stocks That Will Be Worth More Than Nvidia by the End of 2026,These companies should have higher earnings power than Nvidia in 2026.,2025-12-22 23:25:00,Yahoo,https://finnhub.io/api/news?id=ba4bbfc4e9d20b629608e6476d24ee4302fae2f03b99dc9769324460ee8776b7,GOOGL
Analyst upgrades viral crypto stock's price target after billion-dollar deals,"Bitcoin mining companies are increasingly realising the benefits of pivoting to AI. Recently, analyst Mark Palmer from Benchmark raised the price target for Bitcoin-miner-turned-AI company Hut 8. The change in price target was due to the company’s latest push into AI data center ...",2025-12-22 22:18:38,Yahoo,https://finnhub.io/api/news?id=cabb08a844b5d124fa0058b9d2df7362a85c8126d54bf123f6e6554e222d867a,GOOGL
How Google reclaimed its position in AI race dominated by OpenAI,"Alphabet's Google (GOOG, GOOGL) has made strides in the AI race, with its Gemini chatbot emerging as a substantial alternative to OpenAI's (OPAI.PVT) ChatGPT. Yahoo Finance Tech Editor Dan Howley outlines the details. To watch more expert insights and analysis on the latest market action, check out more Market Domination Overtime.",2025-12-22 21:50:35,Yahoo,https://finnhub.io/api/news?id=7e88a7c8f92aecb2dd1458e301dc996354e4136801aed7a27ba784cfc816d85c,GOOGL
Prediction: This AI Stock Could Deliver Market-Beating Gains Through 2030,Alphabet is perhaps the best-positioned AI company in the world.,2025-12-22 21:50:00,Yahoo,https://finnhub.io/api/news?id=bca30127f7d3e9417139e67137378490a9ba486d51a18c9215f73a85b8bcd252,GOOGL
Market will be more volatile than 'patient' on AI CapEx,"US stocks (^DJI, ^IXIC, ^GSPC) are ticking up on Monday to start the shortened trading week. What is Wall Street's market outlook for 2026 as more experts consider the risk tied to certain variables, such as the debt profiles attached to the AI trade? The Wealth Alliance President and Managing Director Eric Diton shares his thoughts. To watch more expert insights and analysis on the latest market action, check out more Market Domination.",2025-12-22 21:14:06,Yahoo,https://finnhub.io/api/news?id=034bdb4aff5fb3d0592cee6485bae662630e28e825c81d2c30dd1956e065ac4d,GOOGL
Alphabet to buy Intersect Power to bypass energy grid bottlenecks,"Alphabet is set to pay $4.75 billion in cash, plus debt, for the data center and clean energy developer.",2025-12-22 21:10:54,Yahoo,https://finnhub.io/api/news?id=cad2e93dad4f936c61f77b54274900ceb433557caa9454d389f7e7a823268c07,GOOGL
Trump Enters the Race for Fusion Power,Trump Media is entering the nuclear fusion sector through a $6 billion merger with TAE Technologies,2025-12-22 21:00:00,Yahoo,https://finnhub.io/api/news?id=82126df5b3b76c82eb8fe1cd9dd28782cbef9c6a75c499cacc3ccc8f690d3ca9,GOOGL
Sector Update: Health Care Stocks Higher Late Afternoon,Health care stocks advanced late Monday afternoon with the NYSE Health Care Index rising 0.6% and th,2025-12-22 20:58:25,Yahoo,https://finnhub.io/api/news?id=08aa068089fdd0fcc73d6be3eaa815ba78548e01586777b0f3dc6477bac3520b,GOOGL
Sector Update: Tech Stocks Climb Late Afternoon,"Tech stocks were higher late Monday afternoon, with the State Street Technology Select Sector SPDR E",2025-12-22 20:53:13,Yahoo,https://finnhub.io/api/news?id=50ccf80ebea224ace9f73919a0ee96cee8629128fab2d7b71839d33156afcc4f,GOOGL
Tesla Stock Poised for Even More Record Highs,TSLA tends to outperform in December,2025-12-22 20:35:00,Yahoo,https://finnhub.io/api/news?id=f83473eb57a830bc2093c3b3ccdb181a3550975fefda60702babffb2b0d31d76,GOOGL
Tracking Cliff Asness' AQR Capital Management 13F Portfolio - Q3 2025 Update,AQR Capital Managementâs Q3 2025 13F portfolio surged to ~$156B. Check out the stake increases and decreases of the portfolio here.,2025-12-22 20:21:39,SeekingAlpha,https://finnhub.io/api/news?id=a4fd157bfb3468b443753f8ebf096bfecfaf327d51b3f7f348d33e6c5d937026,GOOGL
A Topsy-Turvy Year for Oracle and the Ellisons Will Bleed Into 2026,Oracle is radically changing its finances as it shifts from software to the cloud. Now its Chairman Larry Ellison is getting his fingers into media.,2025-12-22 20:19:00,Yahoo,https://finnhub.io/api/news?id=191b279f0f4d257b7ce2e7aff066e0a6e855bc1dd8c8a0740fbc2b202b2f01ff,GOOGL
